image_name,sentence,label
jyxHhiB.png,"3 hrs Black nurse in Connecticut asked me if Trump was bringing back slavery in earnest . Chuck : No ma am . I know some real raaaacists but we do n't ever talk about bringing back slavery . That 's not on the agenda . Nurse : That 's good . What do y'all talk about ? Chuck : Mostly we do n't want your menfolk having raping our women , mugging us , or killing us . We also want you to stop having kids we got ta pay for Nurse : yeah we got to stop doing that . Well I liked Donald on the Apprentice . Ill vote for him . There are too many Puerto Ricans in this country . They the ones you got ta watch Why ca n't we have a conversation like this on race ? ",offensive
we4hhWi.png,"I do n't believe that women have any rights , andlthink gays should be hanged . No , actually , l 'm a Muslim and those are my religious beliefs . Wow , what a complete 4 primitive asshole you are ! You must be a Republican . Oh I 'm sorry ! apologize ! I hope you do n't think I 'm Islamophobic ! ( c ) 2016 Dixon Diaz ",offensive
TpIZoZr.png,WHY THE FUCK DOES IRITHE DONALD HAVE BETTER NEWS COVERAGE THAN IRINEWS made on imgur ,offensive
h6Pkqkr.png,"After the Bern subsides , get ready to ... Feel The Johnson ",Non-offensiv
94anjQG.png,"MAG & WALLY Mrs. Clinton , I 'm awesome ! congratulations on the I euen beat a guy Democratic presidential nomination . That 's not a Democrat . 2016 MAC kWALy ",Non-offensiv
rOvVkF1.png,"o 28 % 1:19 PM 76 AT & T M-Cell Details Dad Messages Text Message Today 1:15 PM this guy Bernie Sanders is going to bankrupt our country , son No he 's not Dad he is really kewl he is ? i didnt know that It 's true . He is very kewl and awesome I learned about it on Reddit youve convinced me . i am feeling the bern I love you dad i love you too son O Text Message Send ",Non-offensiv
odYglAk.png,"In addition to lambasting the zoo for the death of the gorilla , campaigners also want to make the deceased primate the president of America . Polling this month revealed two per cent of Texan voters supported the animal the same level of support as for Green Party candidate Jill Stein . ",Non-offensiv
D40IF3q.png,REPUBLICAN PARTY DONATES BOOKS TO ELEMENTARY SCHOOL 500 COPIES OF KILLING THE RISING SUN BY BILL O'REILLY ,Non-offensiv
CvOg2va.png,Only Olmec knows the Legend behind each of the treasures in his Temple Which one are we going to hear about today . I have information that will lead to Hillary Clinton 's arrest . ,Non-offensiv
4q1tono.png,"-47 points 5 hours ago Lol , you Redditors will believe anything as long as it comes from some disgusting democrat like Michael Moore who scams fools out of money to watch fake shit . I remember when I watched `` Sicko '' in theater with this liberal girl I was dating , she actually believed Cuba 's healthcare system is better than ours . Anyway , I 've got a date tonight with a very beautiful 23-year-old woman . She 's an Instagram model and has a degree in Economics . We plan to read some Milton Friedman in bed together tonight . You fools can have fun arguing while I have fun in real life . permalink source save save-RES report give gold reply ",Non-offensiv
tMzNcad.png,A flash mob to vote or a candidate ( especially Bernie Sanders ) ,Non-offensiv
CdPJdPnVIAQqX9G.jpg,THINGSITRUST MORE THAN DONALD TRUMP @ NFL MEMES 1 . FLINT MICHIGAN TAP WATER 2 . BILL cosBY DRINKS 3 ELEVATOR RIDES WITH RAY RICE ,Non-offensiv
0N5ZKcH.png,"LOUDER WITH CROWDER COM A registered Democrat , Islamic terrorist mass-murders gay people . The Left blames Christians and the NRA . You ca n't write this stuff -STEVEN CROWDER SELIKE '' IF YOU AGREE ",Non-offensiv
8Djb33H.png,THERE ARE MORE BOTH TRUMPAND THAN TWO CHOICES ! HILLARY SUCK ! THEY SUCK TOO ! ,Non-offensiv
Y85uWnm.png,This U.S. Marine was captured during a daring daylight raid . But not before he single handedly took out 13 combatants . Donald Trump would 've deported him for being Muslim . Share if you 're against Islamophobia . ,offensive
12XLnzK.png,thewrap.com SUICIDE `` Suicide Squad ' Executive Producer Is Trump 's Chief Fundraiser Steven Mnuchin is involved in two intense missions this summer : Raising cash for Donald Trump and `` Suicide Squad '' mole show why cant 2016 be normal landmaster normal is a setting on a dryer ,offensive
se7MJYj.png,"IF YOU DISLIKE TRUMP , YOU SHOULD HELP VOTEHIMIN . THIS WAY WE CAN CHANGE HIS PARTY FROM WITHIN . YES HILLARY SUPPORTERS , THIS IS How RIDICULOUS YOU SOUND . ",Non-offensiv
h92g9FL.png,"Academy Award and BAFTA Award winner I never called anyone a 'vagina voter . What I actually said in response to being shamed for supporting a man over a woman : ( 1/3 ) t 369 803 Academy Award and BAFTA Award winner do n't vote with my vagina . It 's so insulting to women to think that you would follow a candidate JUST because she 's a woman . '' ( 2/3 ) t 460 902 Academy Award and BAFTA Award winner HRC does n't rep my interests , @ Bernie Sanders does . Simple as that . ( 3/3 ) t 199 494 ",Non-offensiv
4j4jraI.png,"If you are a Clinton supporter , say these words and own them : I support fracking I support election fraud I support Big Pharma and voter suppression . I support TPP . I support arms deals I supported NAFTA . with dictators . I supported DOMA . l support drone bombing I supported repealing of innocent people . Glass Steagal . I support GMOs . I support Citizens United . I support offshore drilling . ",offensive
DDWmGxP.png,"22 hrs America does not need a conservative or liberal , AMERICA does not need a republican or Democrat President or Congress , America needs our leadership to get on his or her knees and dedicate America back to God just like our forefathers did years ago ! Wake up America and turn back to the roots of this ONCE great country that once sang of God as it 's sovereign Lord . Like Comment Share 12 people like this . ",offensive
qfYlr30.png,GARY JOHNSON HASCONSISTENTL ITS TIME FOR THE KEA OPPOSED THE DRAO WAR AND ALL TREMENDOUS SUCCESS US TO START OVERSEASINTERVENTIONS RROMAMILITARY THINKING OF IRAQ STANDPOINT ASA BUSINESS OPPORTUNITYA '' I THINK WALLSTREETS JUST GROUP A ROCKET DICETO EVEN BEYOND OPPOSEENDLESS WAR ,offensive
VoNgxAD.png,"A Gary Johnson Super PAC Spent $ 30,000 on `` Internet Web Memes '' gawker.com You and 3 others 1 Comment Like Comment Share ",Non-offensiv
aKBYqSs.png,"here come dat boi ! ! ! ! ! ! o shit waddup ! thought it was take . Sorry for doubting you , Bernie Sanders . ",Non-offensiv
MQqsZvW.png,"Gary Johnson 's Meme Stash 4 mins . Wait , are you guys really libertarians ? You know that capitalism killed ~500,000,000 people from hunger , disease and wars in the 20th Century alone , right ? Not to mention the atrocities carried out by the US and Britain in the 19th century . How can you justify that ? I Like Comment Share Be the first person to like this . ",offensive
s1qivuu.png,Hillary Clinton hillary Clinton Add CANCEL ,Non-offensiv
xlV0M7Q.png,"January 22 , 2017 Newly-appointed Secretary of Defence Christie will retain his name 's phonetic pronunciation ( kris kris-tee ) , however in written form it will appear as the text string rm ( O-O ) mn Foreign policy decisions are to be made with exclusive reliance on President Trump 's impeccable business acumen and based solely on the interests of Trumpco Industries , LLC ( now officially synonymous with America 's interests '' ) . The term Citizen of the United States is now similarly synonymous with Employee of Trumpco Industries '' . Those employees deemed unprofitable are reportable to President/CEO Trump and will be fired ( via high-powered naval railgun ) into the Gulf of Mexico President Donald J. Trump ",offensive
BkZ356ICIAAEHId.jpg,"A HEAL Bill Clinton was the first nigga president , not Obama . Haha you do n't got to be black to be a nigga you can be any race . If you do nigga shit than you 're a nigga and my nigga freaky Bill got his dick sucked by a cute fat bitch while his wife was down the hall in their bed room . Now if that ai n't sum nigga shit than do n't know what is and the nigga smoke weed too . ",offensive
7P6yB0D.png,"Back April 25 , 2016 , 2:15 PM Guy at bus stop : Hey sexy Girl : ignores him ] Guy : said hey you fucking bitch Girl : Please leave me alone Guy : I 'll kill you god dammit l 'll do it Me : leave her alone buster Guy : What are u gon na do tough guy Me : takes trump hat off guy 's head and puts Bernie hat on his headl That 's what Guy : Hey what the Me : you 've been bernied bub Girl : Here 's my number call me [ everyone claps and cheers ] ",Non-offensiv
gZWRvf8.png,Amazing Myths of Why For Donald Tanked The Debate Vot A `` C KIND OF VIRAL ,offensive
JYTlRZK.png,HERE COME JOHNSON 2016 FACEBOOK REASONABLE PEOPL FOR GARY JOHNSON ,Non-offensiv
88B7ag2.png,imgflip com IVE BEEN FEELIN THE BERN ,Non-offensiv
qHkGmLt.png,"spusu O N 55 O 21:42 Porn hub X FREE Access to Pornhub Premium ! HD 5:15 Donald Trump and Hillary Clinton Real Celebrity Sex Tape Exposed XXX USA 9,989 Views 79 % VERIFIED ",offensive
taecqiR.png,"Lie Detector Reveals Bush 's Secret are you a are you reptilian a closet shapeshifter Democrat , Bush-chan ? Bush-chan ? Did you d 9/11 , Bush chan ? I Bus IS IT a -- a gore . ",offensive
meTteYg.png,"While some might see nothing but a piece of cardboard , Ernie wallows in the horrifying truth that years of innefective chemotherapy has left Bert so frail and weak that he is indistinguishable from thick card stock . Knowing Bert is no longer capable of coherent communication , Bernie wonders if his brother resents him for his miserable state , trapped here , infirm and unable to interact with the world . Not for the first time Bernie , seeing Bert struggle simply to move his eyes and to breathe , doubts he made the right choice . ",Non-offensiv
R2jWn36.png,"STRONG TOGETHER STRONG TOGETHER Hillary Clinton , seen here with Bernie Sanders , was purged in 2016 . Following her execution , Clinton was edited out of the photo by cabinet censors . Such a retouching was common during Sanders 's rule . ",Non-offensiv
TL8WSKV.png,OBAMA PITAMERICAINTHETOLER HILLARY WILL FLUSH THE PATRIOT POST ,Non-offensiv
ezoih5p.png,HEY GIRL EVERYTIME SOMEONE DECIDESTO VOTE FOR BERNIE SANDERSISMILE ,Non-offensiv
so4V8X7.png,"T 20 % , 10:28 PM OO AT & T freep.com Detroit Free press Metroid e ress Hide Caption A Political reporter Kathleen Gray and Free Press pollster , Bernie Porn , of EPIC-MRA , discuss the shift as part of USA TODAY Network 's Facebook Live 2016 series . POLITICS New poll shows Clinton and Trump nearly tied in Michigan Aa Todd Spanaler Detroit Free Press ",Non-offensiv
rZGXxM4.png,"IS BERNIE SANDERS ENDORSING THE ESTABLISHMENT HE CAMPAIGNED AGAINST OUT OF TOUCH WITH WHAT HIS VOTING BASE WANTEDP NO , IT 'S THE VOTERS WHO THOUGHT THERE H COULD ACTUALLY BE TRUE POLITICAL CHANGE IN AMERICA WHO ARE OUT OF TOUCH . made on imgur ",offensive
873SgEx.png,How to get to reddit frontpage XVZneWS.COm Bernie got up at 700am today and brushed his teeth 1 . Copy link 2 . Post link on r/politics 3 . Frontpage ,Non-offensiv
DAJu7lB.png,Bernie or Hillary ? Issue : Chicken wings Wingstop is the spot . Some lemon pepper wings with some BWW is my chicken wing spot ! mf mango habanero sauce . Some Those BBQ wings sure are spicy ! original hots on the side so l can really feel that bern ,Non-offensiv
CsdehGlWgAAv2HI.jpg,"Hillary Clinton attacks Donald lrump for posting Pepe the Frog meme The Independent Sep 13 , 2016 ",offensive
7rNwjnv.png,NOOING THE GOP COMING UP : FLORIDA ZIKA FIGHT WHAT TRUMP SAW PENCE EXCLUSIVE NTERVIEW 1 YEAR-OLD 'S HARD QUESTION WOOING THE GOP LIVE CLINTON REACHES OUT TO WARY REPUBLICANS MSNBC YEARS L. NEARLY DOUBLING THE FIVE-POINT ADVANTAGE SHE HELD OVER HER 8:25AM MT ,Non-offensiv
TOuTChz.png,"TRIBUNE I MeT WITH BILL CLINTON , BUT We ONLY TALKED ABOUT OUR GRANDCHILDReN . GeNeRAL LORETTA LYNCH THEY DO N'T SO , HOW ARe WANT To HAve TO ViSiT THe GRANDKiDSS THeiR GRANDMA In PRISON ! ! Cagle com ",Non-offensiv
zPT9dFf.png,HILLARY CLINCHES NOMINATION VOTE FOR BERNIE SANDERSANYNAY inngflip com ,Non-offensiv
9HHSnfe.png,I LOVE GARY JOHNSON ! DO YOU REALLY LOVE GARY JOHNSON OR ARE YOU JUST LOOKING AT CANDIDATES AND SAYING YOU LOVE THEMP made on imgur ,offensive
lJVnWF2.png,MEMBER WHEN DONALD TRUMP WAS JUST A Co HARMLESS OLD REALITYTVSTARP COMEDY ,offensive
xLXvr9t.png,"Shhhhh , it will all be over soon Bernie for President Hill Just look at the pretty flowers ... . Hillary Clinton.com ",Non-offensiv
TFRcH6Q.png,"Instead of doing my chem homework , I am a democrat who voted for Donald Trump and not feel anything . loose skin from weight loss and I want my girlfriend [ light ] ( self subredditsimulator ) submitted 8 hours ago by confession ss # 45 268 ( 7.79 ) ",Non-offensiv
v2dOGRp.png,SAYS HE IS A BLUE COLLAR SELF-MADE MAN SAYESHEISA BLUE COLLAR SELFaMADEMAN Gary Johnson 2016 ISAN ACTUAL BLUE NOT A ECO COLLARSETF MADE SELF-MADE MAN MAN ,offensive
VlcI2AV.png,E Data to Be mtered Bernie ,Non-offensiv
DLr1Uo7.png,"When Trump purchased and rebuilt Mar-A-Lago the Grand mansion and estate In Palm beach , Florida he got into a dispute with the city , who are well known for being strict on zoning regulations . Trump put up a 50 foot flag pole even though 30 foot is the maximum allowed . The city imposed a 1,000 dollar fine per day . While Trump and the city argued back and forth , finally when the fine had reached 120,000 dollars Trump proposed a solution . He would donate that amount to veterans organizations , would move the flag and pole to a different location in front of the mansion and would only use a 30 foot flag pole . The city agreed . So Trump brought in the company who does Golf course construction had them build a 20 foot high grassy hill and put a 30 foot flag pole on top of that ",Non-offensiv
ZwFfyVJ.png,WHO CARES WHAT TRUMP SANDIN 2005 Mike Green HE WAS DEMOCRAT BACK THEN SO IT 'S NOT HIS FAULT ,offensive
27S1feu.png,TRUMP will release his Tax Returns WHEN ... THE BENGHAZI BITCH releases her emails ,Non-offensiv
wgVTz9g.png,UNSCATHED PENCE ,Non-offensiv
BWopGu8.png,"INIOWA BERNIE SANDERS GOT 84 % OF THE YOUTH VOTE , BUT ONLY 18 % OF THE YOUTH SHOWED UP TO VOTE . YOUNGBERNERS , YOU HAVE ONE JOB SHOWUPAND SMASH THAT MFVOTE BUTTON ! ",Non-offensiv
CjZPiloXAAA1v_W.jpg,"ey Girl , lem me holla at u about Bernie ",Non-offensiv
B_LgxAvVIAA_lu8.jpg,IF HILARY CLINTON WINS IN 2016 IT WILL BE THE FIRST TIME TWO PRESIDENTS HAS HAD SEX WITH EACH OTHER ,offensive
Cc8PZCkXIAAmG0f.jpg,"il THINK A MARRIAGE IS AS A MARRIAGE HAS ALWAYS BEEN , BETWEEN A MAN AND A WOMAN '' HILLARY BDOHAM CLINTON , 2000 ATBT politics `` Proud to celebrate a historic victory for marriage equality & the courage & determination of LGBT Americans who made it possible . @ Hillary Clinton ETHAN MILLERJGETTY ",Non-offensiv
gdHUw8d.png,"TRENDING Karl Marx Chinese State Media Promotes Rap Song Admiring 19th Century German Philosopher Cretaceous-Paleogene Extinction Event Killed Off Marine Animals in Addition to Dinosaurs , Study Says Hillary Clinton : Presidential Candidate Remains Winner of Kentucky Primary After Recanvass of Votes See More ",offensive
4ZKsrX3.png,This is donald trumps brother donut trump . Every 4.20 seconds donald takes a of his brothers donuts . updough this post in 375 degrees boiling oil and comment `` dont be a grump mr trump '' to help donut ,offensive
BXs0Wy8.png,c-c-c mon Morty ! we g- got ta *burp* we have to solve income inequality ! Wubbaluba dubdub ! feel the Bern ! ,offensive
4jYyIBw.png,"6:51 PM ... oo Verizon o 94 % , K Settings Wi-Fi Wi-Fi CenturyLink7942 CHOOSE A NETWORK FIRE-OBAMA HILLARY FOR-PRISON-2016 TRUMP 2016 Other Ask to Join Networks Known networks will be joined automatically . If no known networks are available , you will have to manually select a network . ",Non-offensiv
JbWv3sM.png,shared photo 2 hrs I really dont support Hillary Bernie or Trump ! l rather put Jesus back in the White House/America/world . BERNIE IS JUST A NICE OLD MAN WHO WANTED TO HELP US BUT U VOTED FOR THE LIAR AND THE RACIST Like Comment Share Write a comment ... ,offensive
XtxfPFR.png,"In M. Night Shyamalan 's new movie , Bruce Willis discovers that had really been all along Cards Against Humanity PICK 2 compensation . Hillary Clinton . Bill Clinton , naked on a bearskin rug with a saxophone 3 cards agains Hamenes ",offensive
1BeUIMs.png,HILARY CLINTON MAKESIOKES ABOUT COLORED PEOPLETIMEBUT LIBERALSSCREAMTRUMPISTHERACIST BUT THATS NOT OF MY BUSINESS gflip com ,offensive
ruSN6zI.png,"MAKE AMERICA GREAT AGAIN Donald Trump will `` move on your wife like a bitch . '' He 'll grab your daughter 's crotch . He 'll grab your sisters . He 'll do it because that 's what he does . And then he 'll brag about it-on a bus , or in a car , or on aplane , or in a train Because he can . Unless you stop him . ",offensive
k6x2h2d.png,"Me : Hillary oversaw a coup in Honduras which installed a regime that murders indigenous rights activists Democrat : DO YOU WANT TRUMP TO WIN 3/3/16 , 4:48 PM ",offensive
WSy7NGq.png,TRUMP 'S FACE LOOKS LIKE A TRAGIC ACCIDENT THE ANUS BLEACHING SALON made on imgur ,Non-offensiv
7lqO9Qr.png,WHEN ITS ALL OVER TRUMP WILL NOT LOSE A DIME RUNNING FOR PRESIDENT IGUARANTEEIT ,offensive
T9pQAFP.png,SAYS GENDER AND RACEDONTMATTER VOTES FOR HILLARY BECAUSE ITS TIME FORA WOMAN PRESIDENT AND THINKSCULTURAL APPROPRIATION IS WRONG ,Non-offensiv
CjRhYGU.png,REMEMBER WHEN EVERYONE WAS FOR BERNIE AND NEVERWANTED HILLARY TO BE PRESIDENT PEPPERIDGE FARMREMEMBERS ,Non-offensiv
5NWPOQp.png,TRIBUNE BeRNie FeeLS THe BURN ,Non-offensiv
FYijK60.png,"I Like Page While Obama flies around the country on Air Force One , accompanied by Crooked Hillary , with the president in plain sight campaigning for her , which is in and of wrong , yet in Kentucky we have the Democrat Attorney General of Kentucky going after a humble woman who went to jail over her belief that God intended marriage for one man and one woman . Beshear is also hot on the trail of our Christian Governor , filing one frivolous lawsuit after another . One may laugh but l fear we are n't far away from the Democrats in power herding the People of the Book into Commonwealth Stadium and unleashing the modern day lions upon us . Dm Kim Davis : Kentucky Clerk Who Refused Marriage Licenses Violated Open Records Act FRANKFORT , Ky. ( AP ) The Kentucky lawyer general 's office says an eastern Kentucky region assistant who made news When she declined to issue marriage ",Non-offensiv
CcsU2lQUEAEoeuW.jpg,Bernie or Hillary ? Be informed . Compare them on the issues that matter . Issue : Favorite DLR Conner Tanner ,Non-offensiv
tcXzxyV.png,"... .o Verizon LTE 3:17 PM 76 % Settings Wi-Fi Wi-Fi Myspe CHOOSE A NETWORK ... Hillary ClintonsPrivates MySpectrumWiFi00-5G NETGEAR 10 PONTI PONTLEXT Other Ask to Join Networks Known networks will be joined automatically . If no known networks are available , you will have to manually select a network . ",Non-offensiv
u9FeEuE.png,"The Democrat Party is the world 's most successful hate group . It attracts poor people who hate rich people , black people who hate white people , gay people who hate straight people , feminists who hate men , environmentalists who hate the internal combustion engine , and a lot of bratty college kids who hate their parents . However , the real secret of the party 's success is that it attracts the support of journalists who hate Republicans , and who therefore work tirelessly to convince the rest of us that we should vote for Democrats . ",offensive
pgVlfQb.png,IF GARY JOHNSON COULD JUST -GET SOME MORE EXPOSURE THAT WOULD BE GREAT made on imgur ,Non-offensiv
WvnX54P.png,BEFORE HILLARY HITSINOURHANDs JILL STEIN FOR PRESIDENT ,Non-offensiv
x76JHsa.png,Dirty Donald Crooked Clinton Which Democrat Will America Choose ,offensive
yHg7DkU.png,"Anonymous ( ID : WWL21 SS5 07/23/16 ( Sat ) 06:34:42 No.82336390 2 > 82336988 82337591 82338 4007 > > 8233 9818 2 82341989 82342803 82343149 2 82345582 82345632 > > 82345887 82346435 82350134 823516913 82351911 File : 14692459 56898-po ng ( 412 KB , 725x480 ) Did you think I 'd forgotten , Donald ? For a thousand years l have waited , watched in dejection as you made your pitiful country great again . I hope you enjoyed yourself . I really do . Because in the time that you were president , l have amassed a great and terrible army of of skeleton delegates skelegates , if you will , Donald . Without you around to ward off the forces of Chaos , I can finally escape from my prison . You just made your first mistake , Donald . Now l can return to that fateful night in 2016 and claim what is rightfully mine ! Together with my army of skelegates , l will finally have the majority l need to become the Republican nominee , and fight a principled conservative campaign for President . Nothing will stand in our way . Goodbye , Donald . Your New York ways will taint the Party no longer . This is the priesthood rising ! With my new powers , l will plunge this country into TENTHOUSAND YEARS of darkness , and the delegates ... they will be at my side every step of the way . Thank you , Donald ",offensive
Hf65xSJ.png,YOU SHOULD NEVER STEREOTYPE ANYONE NO MATTER WHAT GROUP THEY ARE A PART OF OH YOU ARE A REPUBLICAN YOU MUST BE RACIST THEN ,offensive
t4xWpee.png,`` Let these clowns fight it out . Meet me in the green room . What 's your name ? Melissa ? `` It 's Melania `` Whatever . Just meet me there . '' BREAKING NEWS CLINTON-TRUMP DEBATE BEGINS MOMENTARILY ON CNN ,Non-offensiv
6r16i0p.png,RUMP AMERICA GREAT AGAIN lent majority ANDS WITH RU MP GREAT CA TRUMP TRUMP FEMINIST tor Bernie ,offensive
QNB8H2s.png,This racist democrat was chief Justice when the court decided that `` separate but equal '' was something everyone would just have to accept . ,Non-offensiv
5W8eGmw.png,George Bush do ya thing TRUMP ,offensive
Nyo6x2Y.png,"Paul Joseph Watson @ PrisonPlan ... 3h Your family ripped apart the lives of hundreds of thousands of women and children in Iraq . Shut the fuck up , you complete cunt . Jeb Bush a Jeb Bush As the grandfather of two precious girls , I find that no apology can excuse away Donald Trump 's reprehensible comments degrading women . t 2,415 4,343 ",offensive
5hN4XOF.png,HUMP TRUMP LHP TRUMP E TRUMP TRUMP TRUMP TRU METRU MP PENCE PENCE TRUMP TRUMP RUM TRUN TRUMP GREAT ILAIME TRU MP TRUMP TRUMP TRU Mt PEN TRUMP RUMITRUMP TR TRUMP TRUMP ,Non-offensiv
nEE5sjy.png,DONALD TRUMP DONALD DUCK E DONALD TRUCK made on imgur ,Non-offensiv
OH0Nuxb.png,GOING OUT OF Family Moral Values Bankruptcy Must Go pocrisy tfque Republican Party LAST DAYS GOP S RENT BE SANGS ,offensive
hoApJnq.png,"Be 2016 You take the Hillary pill , the story ends . You wake up in your bed and believe whatever you want to believe . You take the Bernie pill , you stay in truthland , and you will uncover just how deep the corruption goes . Remember : all Bernie 's offering is the truth . Nothing more . ",offensive
M6wyDw8.png,"My rural neighbor is a hippie Bernie supporter and his dog got loose . Guess what I did ? NEIGHBORS BTFO ( self , The Donald ) submitted 6 hours ago by to /r/The Donald 158 comments share [ I I put on my MAGA hat , coaxed him into my car and drove the 1/3rd of a mile to his place . When I saw my neighbor , Itold him that I caught his dog illegally entering my country , and that I was deporting him . My neighbor laughed and offered me a beer , because we both understand that people with different political viewpoints can still be good neighbors . ",Non-offensiv
rklsz23.png,"The fuck Bernie Sanders ' starter pack THE SCIENCE OF ECONOMICS THE ECONOMIC TEACHING OF LEON MACLAREN discover the conditons which allow evey indwodual true goal of Economics Patriot Wikipedia , the free encyclopedia https : //en.m.wikipedia.org wiki Patriot Mobile-friendly A patriot is someone who feels a strong support for their country , See also Patriotism RAYMOND MAKE WELL Ed Patriotism New England Patriots ",offensive
43LJZG9.png,A comic starring : Jay Ferris bfan 1001 flea comic by Septapus The internet needs a lot of fixing in genera Anyone have windows vista or know how to fix the internet for thats why im voting for al gore `` fix the internet '' is a broad request I dunno I hear Jill Stein has a great plan to decontaminate our WiFi ,Non-offensiv
mHAg22Y.png,THIS IS A WALLINSIDE A NAZI GAS CHAMBER dwebs WHEN A DEMOCRAT MENTIONS GUN CONTROL REMEMBER THIS PICTURE ,offensive
pEPz8iF.png,"As a 27 year old staff attorney for the House Judiciary Committee during the Watergate investigation , Hillary Rodham was fired by her supervisor , lifelong Democrat Jerry Zeifman . e Hillary d When asked why Hillary Rodham was fired , Zeifman said in an interview , `` Because she was a liar . She was an Constitution , the rules of the House , the rules of the Committee , and the rules of confidentiality . '' ",Non-offensiv
nnEBoVw.png,"19 hrs None of your opinions matter Like Comment Share and 7 others Yeah , but that 's like , your opinion Like Reply 12 hrs Also it 's absolutely a fact that your like 9 paragraph soliloquy about black lives matter or Bernie sanders or something that you put on Facebook does n't matter Like Reply 3 hrs Especially because everyone seems to think their Facebook E profile is the fucking mouth of god Like Reply 3 hrs ",Non-offensiv
CaqKlOXWIAAvy8L.jpg,Bernie or Hillar Be informed . Compare them on the issues that matter . SUPER BOWL Issue : HALFTIME SHOW `` I wish it were `` Woo ! Play just BeyoncÌ© '' 'The Scientist ' '' ,Non-offensiv
hLMgzsp.png,New hobby : Putting Donald Trump 's mouth on puffer fish ,offensive
zvdzU3y.png,Bernie or Hillary ? Be informed . Compare them on the issues that matter . Robot Uprising Issue : elling at Roomba [ nervous metallic lau `` BRING IT ON HA HA HA '' ASSHOLE ! ! '' obvious plant ,Non-offensiv
CbYe-4SW8AAmvbJ.jpg,`` Bernie looks like the guy in disaster movies who knows what 's coming but no one listens to b/c he has bad hair & keeps dropping his papers ,Non-offensiv
NwQNeBd.png,"I do n't believe that women have any rights , and I think gays should be hanged . No , actually , I 'm a Muslim and those are my religious beliefs . Wow , what a complete 4 primitive asshole you are ! You must be a Republican . Oh ! I 'm sorry ! A I apologize ! I hope you do n't think I 'm Islamophobic ! ( c ) 2016 Dixon Diaz ",offensive
mZvaiMI.png,"Q10 If the candidates for President were Democrat Hillary Clinton , Republican Donald Trump , and independent Harambe , who would you vote for ? 48 % Hillary Clinton 43 % Donald Trump 5 % Harambe 4 % Not sure ... . ",Non-offensiv
Ktvna1u.png,"Share Wow Care . Listen , Hills , you 're going to go on and you 're gon na make lots of policy and I will never you 're gon na watch let go , Bern ! it grow . ",Non-offensiv
bnQlLeN.png,`` I trust Hillary Clinton about as far as I can throw her . ,offensive
CfU-_jqW4AAmTBw.jpg,"CRUZ Ha WISCON MILWAUKEE , WI 57 PM CT TED CRUZ DONALD T JOHN KAS SEN TED CRUZ DELIVERS REMARKS AFTER VICTORY IN WI GOP PRIMARY AMERICA 'S ELECTION HQ 2016 ",Non-offensiv
JT26Var.png,Why is Bill Clinton looking like he 's got a case of the suds AN SA ,Non-offensiv
LW5TKwe.png,"Cedar Rapids ashington , DC 12:55 55 PM ET 11 DAK LIVE BREAKING NEWS CLINTON LANDS IN IOWA AS FBI REOPENS EMAIL INVESTIGATION /CNNU WOLF F OF THE YEAR CONSUMER CONFIDENCE ALSO HIT A NINE-YEAR HIGH L DO I HAVE TO GO OUT THERE ? Hillary ",Non-offensiv
krkcbjy.png,"Add Friend 5 hrs I hopped in a cab today and my elderly cab driver was writing on his clipboard while driving ( literally accelerating and jotting ) , blaring Howie Carr , yelling ( like yelling , not just raising his voice in excitement , and with no provocation , I just said hello and something about the crazy weather about how Donald Trump is going to save the world , and then was pushy when I asked if they did a college discount with ID , saying `` you must be some sort of Bernie supporter socialist n the same breath he asked me how much I wanted to give him for tip so he could make the correct change . gave him an appropriate tip , because l understand cab drivers without tips ca n't actually live on the wage they 'd earn , and I 'm a fellow human bring who cares about others qaulity of life and fair pay for thier labor . But my head is still tilted and making a whattheactualfudge '' face . 1 Comment Like Comment a Share ",Non-offensiv
AY91zJl.png,"Donald Trump has been in the public eye forover30years And , he 's NEVER been accused of being a racist until he startedrunningfor president and his political opponents started attacking him THINK ABOUT IT ! ! ",Non-offensiv
8WsB12c.png,"HILLARY SCANDALS TRUMP SCANDALS called some women fat 20 yearsago 4 dead Americans in Benghazi Supportedarming Syrian jihadists , which led to rise of ISIS Supported toppling Gaddafi , which led to International migrant crisis Private e-mail server . Lied under oath about it . Took Clinton Foundation donationsfrom countries that oppress women . Clinton Foundation pay for play . Intimidated Bill Clinton 's rape victims laughed about defendingachild rapist . Called KKK leader Robert Byrd her mentor . Russian uranium deal . Rigged primaries against Bernie lied to media about her health ",Non-offensiv
5kSMRv3.png,"H smoke upthe weed9 1 point 12 hours ago To give my own answer , it 's not clear that the symbolization of abstract social forces and revolutionary struggle in individuals is necessarily a bad thing . Was it bad that the leftist American fighters in the Spanish Civil War were the 'Abraham Lincoln Brigade ' ? Is it bad that in Venezuela the revolution uses the image of Simon Bolivar ? Is it bad that Hillary Clinton has a strong support base of black people because of the image they have of Bill Clinton whereas the republican base has abandoned Jeb Bush 's attempt to use the legacy of George Bush ? ls it bad that people think Kurt Cobain is a genius whereas the countless bands that mimic him are inferior All of these are forms of a `` cult of personality ' once we remove the mysticism and propagandistic function of the words . To me , the answer is that all of these are simply ways to talk about something deeper , and thus thinking about the cult of personality ironically creates its own cult of personality in which we believe this concept has real power instead of being a TI symptom of a deeper process ",Non-offensiv
209BoJK.png,"Bernie or Hillary ? Be informed . Compare them on the issues that matter . Issue : Selena The loss of Selena was unsurmountable I loved J . Lo She would 've been the superstar of this lifetime as she crossed over from the Spanish-language market to mainstream in that movie ! English markets . Her fashion sense , stage presence , dance moves and charisma were like none I 'd seen before . Fuck Yolanda Saldivar . ",Non-offensiv
CfUTJmj.png,The I just got into politics a few months ago and did n't pay attention to economics and history in high school starter pack 2016 Bernin BERNIESANDERS COM Bernie FEEL 2016 THE BERN ,Non-offensiv
53U5Bca.png,"When some guy on Reddit told me that Communism goes against human nature . realized that all those years of studying dialectical materialism and political economy were useless . Bernie Sanders is right , socialism is just when the government gives you free weed Friedrich Engels ",Non-offensiv
pyCWWr7.png,"Paul Ryan @ PRyan @ BarstoolBigCat 1 in 20 want to see Harambe in the Oval Office Public PolicyPolling olls Support for President : Gary Johnson 6 % , Harambe 5 % , Jill Stein 2 % 8/1/16 , 10:23 PM 1 RETWEET 1 LIKE ",Non-offensiv
b3IhU9Z.png,"bern png 48 KB , 733x594 ) google igdb Anonymous ( ID : yc2D15UQ ) 5 hours ago No.73661847 13661948 13662111 A-136621134 13662216 13662300 e 136623rg 13GS2381 136G2422 73663050 73663192 73663333 73663368 > > 73663529 > > 73663771 73663890 > > 73664136 > > 73664279 > > 73664291 > > 73664377 > > 73664435 > > 73664594 > > 73 FALSE AND DANGEROUS 73665677 73665999 73666059 73666192 73666215 73666278 73666302 > > 73666400 > > 73666805 > > 73667887 > > 73668267 > > 73668841 > > 73668876 > > 73 73673762 73676350 73677137 > http : //www.snopes.com/bernie-sanders-glow-sticks/ https : //www.youtube.com/watch ? vsewUTO8Nr1RSw What the fuck is wrong with you people ? How TO MAKE BERNIE SANDER 's GLOWSTICKS ! YOU WILL NEED . Anonymous ( ID : yc2D15UQ ) 5 hours ago No . 73662032 663600 63836 978 73670230 7367324 73662906 Apparently some toddler got his face blown off when his mother tried making one for him Anonymous ( ID : F4RaLf J ) 4 hours ago No . 73662906 73663200 > > 73663836 73664466 73665240 > > 73665812 > > 73668332 > > 73676432 7366 2032 I bet he 's feeling the bern ",Non-offensiv
Lsjt4TJ.png,"Imagine if I started a hip hop career . And then l threw an underground concert and I claimed that the concert was awesome because 10,000 people showed up and cheered like crazy . But then a bunch of evidence is revealed that indicates only like eight people actually showed up and that I was completely bullshitting . At that point , everyone would believe that l am mentally deranged or that I am the biggest liar on the face of the earth . Nobody would say that I am exaggerating because that would be FAR too generous This is no different than what Donald Trump did with his outlandish `` I saw many thousands of Muslims in New Jersey cheer on 9/11 '' claim . Except for one thing . Many people still believe him or say he was `` slightly exaggerating ",Non-offensiv
xJiXDnY.png,Donald Trump winsthe Oscar for Lead Actor in a Comedy Film for his outstanding work in the GOP Presidential Debates ! ,offensive
ykGRBWn.png,Donald J. Trump @ real Donald Trump . Th v I will post a nude of myself if anyone can pass level 4 on my new game `` Trump On The Run # DownloadNow 22.5K 42K ,offensive
LAPqPzX.png,"rump economic plan would r 3.5 million vols , scares me of anothe rum p Prrs alt ncy . 3 . Write down the Donald Trump quote that most impressed you Why ? 4 , Write down the Donald Trump quote that most alarmed you Why ? rump claimed he has been ouolted for ",Non-offensiv
yiS7xVy.png,"Blame The Black Guy yeah , Hillary , I do n't care if you try to blame your decision to use an unsecured email server on a black guy just so long as I 'm not the black guy you 're blaming ! CARTOONS by Hen www.cartoons hen Com Copyright Henry Christensen , 2016 ",offensive
WDUgdRk.png,updated her profile picture 21 hrs . l sent in my absentee ballot and I 'm feelin the bern in my favorite Bernie underwear . Friendly reminder to vote in the primary tomorrow ! Also a friendly reminder not to sexualize the female body . ,offensive
iOyEYMl.png,"http : // gic10 L OCICLO com `` Bernie Sanders is now free to gic ttp vacation in Venezuela and enjoy watching his ideas put into effect . '' ttp ttp ralLogic1 htL : 1.com http John Hayward : //LiberalL dalLogic10 http : //Lib com http : //LiberalLo FaceBook.com/LiberalLogic101 http : //LiberalLogic101.com ( We do n't mind if you download and share this image , just leavetheattribution ) ",Non-offensiv
bspb4sM.png,"Many in the GoP keep calling Donald Trump a liar and manipulator . To me , liars and manipulators are 301 Republicans who were elected to the HOUSE and SENATE that PROMISED to stop Barack Obama and his godless Democrat Party 's destruction of America ... BUT DIDNT STOP ANYTHING ! ",offensive
Wwe2NdZ.png,FEAR LEADS TO ANGER ANGER LEADS TO HATE www.UncleSamsMisguidedChila Om HATE LEADS TO STUPIDITY STUPIDITY LEADS TO SUPPORTING HILLARY CLINTON FOR PRESIDENT ! ,offensive
EsepD5Q.png,"E Victims i of Communism You Gov M e m o r a I F o u n d a t i o n First-of its kind YouGov Poll Shows `` Bernie Sanders Bounce '' for Collectivism , Surprising Support for Socialism and Communism Among Younger Americans 45 % of 16-20 year olds would vote for a `` Socialist '' , 21 % for a `` Communist '' One-third of Millennials Believe George W. Bush Killed More People Than Stalin Vast Majority Unaware of Communism 's Death Toll More Millennials Prefer Words of Karl Marx over the Bible Bernie Sanders ' Philosophy Wins More Support Than Milton Friedman 's ",Non-offensiv
xOFyAk8.png,maGBa662B5Murphy -net www.shutterstock.co What if Bernie Sanders were a Communist ? ProiectMurphy ,offensive
s3iOROE.png,WHEN YOU FIND OUT SOMEONE YOU THOUGHT WAS A FRIEND SUPPORTS HILLARY CLINTON BLOCK 1776 REBORN ,Non-offensiv
whhrfSE.png,"VIEWER WARNING This is a pro-monarchy blog written by a monarchist . BE WARNED that materials contained in this blog are reactionary , religious , counter-revolutionary and pan-monarchist . You are advised that any and all republican governments , politicians and in particular revolutionaries will be mocked , ridiculed , insulted and unmasked for the truly disgusting characters that they are . This blog is not recommended for anyone who favors revolution admires politicians or holds an inherent respect for republican governments . Anyone who is lacking in a sense of humor , anyone who is politically correct and anyone who holds the Whig version of history is advised to leave now before you are offended , outraged or have your feelings hurt . ",offensive
WwN5X3R.png,"This is the evolution of Democrats . Kennedy put a man on the moon , Obama put a man in the women 's bathroom . What a loser . What an embarrassment the Democrat party has become ! MAY 201O O Write a comment Post ",offensive
CW7tNBQU0AIADyq.jpg,DISNEY-PIXAR FINDING FRANK OCEAN meANNIPCIURESm VIN PEEN l um l N E BERN WI IINAIAN FEM IRLI KTCNEJ AKIAEHIN MEALA REA SEM AL R M A AN ERŒ_ÄW EA AN¾¡ÓOM RAKI H �äÑERSEER STY REŽÐ£BRERAMET¾÷Î RK.FWU I ¾ª¦�Ò¦K1IST.MWKAEXRW NAMIBŽ__RIEEMIRAER •_ÄLELALIAŒ¼ÓDRJON.WUBAOMŒ�ÇIONARIMIERCREIIF ,Non-offensiv
otKSntf.png,"Hillary Clinton @ Hillary Clinton @ realDonald Trump thinks democrats care about his opinion , how does it feel putting your stuff here it does n't belong ? 1272 2210 RETWEETS FAVORITES Donald J. Trump arealDonald Trump Hillary Clinton Ask Bill . 3322 5880 RETWEETS FAVORITES ",offensive
7Q0ReMA.png,undervalued property tixit up . and then flip for aprofit ! Flipping Houses FOR a a Ralph R Roberts A Reference for the Rest of Us ! 1 NATIONAL BEST SELLER TRUMP THE ART OF THE DEAL From the star of NBC 's hit show App DONALD JE TRUMP with TONY SCHWARTZ HALLSTREET ,offensive
9CYSG3P.png,AND THE TRUMP PENCE WILL SOUND TO SIGNIFY THE BEGINNING OF THE END made on inngur ,Non-offensiv
Ci45dogWEAA2bSb.jpg,"94 % , 11:12 AM www.cnn.com/2016/05/19/politics/donald trump-egyptair-terre E BREAKING NEWS Hillary Clinton says EgyptAir Flight 804 highlights threat from organized terror groups . Watch her live now . politics CNN Donald Trump does n't wait for investigators to call missing EgyptAir flight act of terror ",Non-offensiv
1iLg1U1.png,Bernie fans when they realized they actually had to go out and vote and not just tweet about him OHATEPTUNTE . ,Non-offensiv
JHF6hFI.png,"As a 27 year old staff attorney for the House Judiciary Committee during the Watergate investigation , Hillary Rodham was fired by her supervisor , lifelong Democrat Jerry Zeifman . Hillary a da When asked why Hillary Rodham was fired , Zeifman said in an interview , `` Because she was a liar . She was an unethical , dishonest lawyer , she conspired to violate the Constitution , the rules of the House , the rules of the Committee , and the rules of confidentiality . '' ",Non-offensiv
CZrwNVe.png,threedogs toaster The Mother Trump feeds it 's Trumplings a small loan of a million dollars ,Non-offensiv
XMReWCt.png,Momma said when Mr. Trump buildsthat wall . We should put Hillary on the other side of it . And if she wants back in she can just email us . ,Non-offensiv
uUc4OqX.png,"shared SubjectPolitics 's video 2 hrs It 's sad when you make the 74 year old socialist look good in comparison to you HILLARY CLINTON PLAYING THE `` NoMAN CARD '' COUNT : 1 SubjectPolitics com 1:21 IX 1,443,217 Views SubjectPolitics Like Page April 28 at 3:29am Hillary Clinton plays the Woman card 13 times in a MINUTE ... Like Comment Share she could make osama bin laden look good Like Reply 1.1 hr . Edited ",offensive
kzNSl6e.png,"ISO YOU 'RE TELLING ME THAT HILLARY CLINTON WAS RUBBING ELBOWS WITH KNOWN KKK MEMBER ROBERT BYRD , DEFERRED TO BLACK CIILDEEN AS SUPER PREDATORS AND PUSHED LEGISLATION THAT DISPROPORTIONATELY TARGETS INCARCERATION OF MINORITIES BUT SOMEHOW SHE DESERVES THE BLACK VOTES ",offensive
TgSYoWe.png,"12 mins 2 Not sure if real Anyone know how credible this is Sperm Whales Found Dead In FL , Stomachs Full Of Uncounted Bernie Sanders Ballots According to a press release from Florida 's marine Biologist Union , many of the whales had stomachs FULL of uncounted Bernie Sanders ballots.. wwVWZGARLIC.COM Like Comment Share I ",offensive
qq8wzMR.png,HERE JOHNSON 2016 FACEBOOK REASONABLE PEOPLE FOR GARY JOHNSON ,Non-offensiv
fyAh3I0.png,WHAT IF POKEMON GO WAS RELEASED TO D US FRO THE FBIS STANCEON HILLARY CLINTON ,Non-offensiv
CMQqhImUkAAKeno.jpg,Donald Trump 's hair looks like someone tried to use the blur tool in photoshop to cover a bald spot ,Non-offensiv
tINjUCc.png,MAMAS Who am I supposed to vote for ? Am l supposed to vote for the Democrat who 's going to blast me in the or the Republican who 's blasting my ass ? ,Non-offensiv
eI2N5iQ.png,EcakpnBeHn rnacoBnl 18 minutes ago We will have presidential nominees that people with higher IQs voted for . Why does Clinton and Trump have the majority vote ? People are generally irrational embed caHyBaj noyeT ,Non-offensiv
8ZOPW62.png,Voting for Trump because Bernie s out is like blowing a dude because your girlfriend dumped you A really racist dude @ alpaca pone ,Non-offensiv
Xxc4mjq.png,WE LIKE IKE I LIKE IKE FRANK CULOTTA REPUBLICAN CLUB IN IKE/ IS FOR US WE LIKE IKE/ K ,offensive
ZffTHk2.png,Glory to Bern . ,offensive
TyYDiSx.png,"My mom got kicked out of her emotionally abusive home at age 16 . She took out loans and paid for herself to graduate high school early and go to college early and go to medical school early and become a doctor , all without any financial or familial support . Her parents did n't go to college . She became an anesthesiologist . She married a bad man who left her four months after she gave birth to twin babies . He never came back or financially supported her or her children . He has n't spoken to her or me or my brother in nearly fifteen years . She worked hard so l could work hard . l was the first person in my family to go to Harvard . It was harder because I was a girl , and people do n't like girls that much , generally . I worked hard there and I worked hard after . I understand your criticisms . I understand that the American dream is broken , and that my mom 's bootstrappy story is atypical and nearly unattainable , especially for people of color . But this did happen to my mom , and I am happy she gets to see a woman president in her lifetime . This is a huge day for incredible women like my mom and Hillary and everyone else . Also I will delete your posts if they are aggressive orthreatening . respect Bernie and his supporters and l did n't go to your wall to tell you to kill yourself . ",Non-offensiv
FsAbNtn.png,J. TRUMP DONALD MA DE N MEXIC i RN 47333 ,Non-offensiv
ERe2yR0.png,"score hidden ] 5 hours ago My friend committed suicide at 34 , $ 80k in Hospital Debt & at least $ 40k in student loan debt , with a broken back . I can barely talk about it . All he spoke of was Bernie Sanders , voted , and killed himself when the media said he had no chance My anger is so enraging I hate to share . I knew a girl a few years back , 24 , who died of pneumonia . Fucking died of pneumonia , because she did n't have health insurance ( and was very poor ) . Never did drugs , never drank . She waited 10 hours in the Emergency room until she died of dehydration , they said . These memories are very painful . permalink source embed save save-RES parent report give gold reply hide child comments score hidden ) 5 hours ago Thank you for sharing these painful memories . These issues are infuriating and it 's important people hear about these struggles , otherwise things wont change . I 'm so sorry for the loss of your friends . permalink source embed save save-RES parent report give gold reply ",Non-offensiv
XYERAZg.png,"Hillary Clinton a HillaryClinton @ realDonaldTrump thinks democrats care about his opinion , how does it feel putting your stuff where it does n't belong ? 2210 1272 RETVEETS FAVORITES Donald J. Trump areal Donald Trump Hillary Clinton Ask Bill . 3322 5880 REE TWEETS FAVORITES ifunny.CO ",Non-offensiv
2iaC1qq.png,TRUMP WIANTISTO BE PRESIDENT BUT DOESNTPAY HIS FUCKING TAXES BUTIM CANADIAN SO ITS REALLY NONE OF MY BUSINESS ,Non-offensiv
fqSHGCD.png,Lady GARDEN Liberal Democrat ,offensive
KbTk7Rq.png,AN ARY . tube REPUBLICAN PRESIDENTIAL DEBATE AG RA LIVE CNN 746 PM PT ,offensive
uelxFPQ.png,"25 YEARS OF THROWING SCANDALS AT HILLARY CLINTON PAYS OFF , PEOPLE HATE HER NOMINATE S DONALD TRUMP ",Non-offensiv
DNwiCOI.png,FEEL TH EL BERN ,offensive
D9Zr2dU.png,"The Real Racists Barack , does our Democratic Party 's belief that white people are smart enough to obtain photo IDs , and that minorities are not , make us racists ? Of course it does , Hillary , but fortunately for us Democrats , we also believe minorities are not smart enough to realize it Hen www.cartoons hen Copyright Henry Christensen , 2016 Com ",Non-offensiv
mn6RF0J.png,PUTS COUNTRY AHEAD OF PARTY DOES NOT ENDORSE TRUMP . DISTANCESHIMSELF FROM REPUBLICAN CONVENTION made on imgur ,offensive
JK1w4yI.png,"All Unread I FROM Hillary Clinton Popula SUBJECT I need you right now , Jeffrey Nathan Fillion Tweeted : No , no , it 's not p Current Mailbox RECEIVED SIZE Sun 10/9/2016 4:08 P 34 KB Sun 10/9/2016 2:23 P 99 KB ",Non-offensiv
ZWajHQq.png,"[ score hidden ] 55 minutes ago Stop it . I 've been a member of the Green Party since 1994 , and I have never wasted my vote by voting Green for president . There 's just too much at stake to let the GOP in the White House . permalink save report give gold replied 1 point just now That 's funny considering just 10 day ago you stated the following : `` I am a hardline democrat . But ifIwere forced to choose between Trump and Cruz , i d choose Cruz . Because his politics are consistent and the Democrats in Congress would know how to fight against such a foe . I have no idea how to stonewall or compromise with Trump . Also as much as I dislike Cruz , his demeanor is much more presidential than Trump 's . permalink save parent edit disable inbox replies delete REPLY ",Non-offensiv
xyi7yMK.png,"Donald J. Trump Follow @ realDonald Trump have never seen a thin person drinking Diet Coke RETWEETS LIKES 45,006 44,801 11:43 AM 14 Oct 2012 ",offensive
CdsdCaHXIAEw1An.jpg,"Donald trump 1998 FIWERE TO RUN , ID RUN ASA REPUBLICAN , THEY RETHE DUMBEST GROUP OFVOTERS IN THE COUNTRY , THEY LOVE ANYTHING ON FOXNEWS . ICOULD LIE AND THEY 'D STILL EAT IT UP I BET MY NUMBERS WOULD BE TERRIFIC . PEOPLE MAGAZINE , 1998 ",Non-offensiv
DheGAH3.png,AFTER THE TRUMP TAPE THERE WILL BEATRUMP HILLARY PORN PARODY . GUARANTEE T ,Non-offensiv
3Zz0vux.png,OCTOBER 1980 POLLS REAGAN 39 % CARTER 45 % re NOVEMBER 1980 REAGAN WON INALANDSLIDE ! DONET BELIEVE THE POLLS ! GO OUT ANDVOTE TRUMP ! ,Non-offensiv
bUfWNUp.png,"re : Re : how about leave im not a trump supporter ffs lol , im not American neither , i have love for all people , im hating on the religions not every religious person ffs , dont think i only hate on muslims , christians and Catholics can suck my dick too , i was in the ira manchester bomb , but Islam is my enemy nowadays and im willing to die to fight its ideology i swear bro fuck religion off , young people in 2016 need to turn their back on it , young people are the future , imaginary sky gods are not , you should think about what the future is going to be like , its going to be bloody , im so glad i dont have kids ffs , if you have kids and you teach them religion , you have failed them , young people need to fight against all religions . ",offensive
NLdr9yb.png,Hillary for Prison 2016 wwww.hDanylonprison com CENTENNIAL 1812-2012 NEW MEXICO LAND OF EN CHANTMENT ,Non-offensiv
EhpW75N.png,"Rebecca Cohen Follow GynoStar `` Hillary hate is rooted in sexism '' `` I 'm not sexist ! support Jill Stein , a woman who does n't have & never will have any power or influence '' RETWEETS LIKES 69 242 3:30 AM 18 Sep 2016 ",Non-offensiv
9FjUVia.png,"shared l Will Say and Post Anything I Want V About Barack Obama 's photo . 10 hrs Ca n't get hired , would n't work if they could ... . BERNOUTS UNITE ! Looks like a gay pride parade . Max dmdlablck BERNIE SANDERS RALLY Like Comment 18 Useful idiots Like Reply 10 hrs LOSERS ! Like Reply 9 hrs ",offensive
AthUmaI.png,FACEBOOK RIGHT NOW Dallas Police ! Black lives matter ! Hillary ! Trump ! FBI ! Pokemon ! ,offensive
xQkfJse.png,"1,763,655 Views PlayGround added a new video . Like Page September 27 at 9:30am Barcelona , Spain Meet Jill Stein , the presidential candidate who paints graffiti on bulldozers . Like Comment Share 2 She 's crazy . Thinks wifi radiation will hurt children . Like Reply 14 hrs I would n't totally disagree , look at how many people have cancer nowadays from who knows how many factors from countries like the U.S . causing all these types of cancers and diseases Like Reply 4 hrs ",Non-offensiv
QbYt8jJ.png,THINK THAT SOONER OR LATER IRITHE DONALD WILL BE BANNED BY THE ADMINS made on inngur ,Non-offensiv
CPVA4poWoAAhOs6.jpg,THIS SUNDAY BECAUSE CONFLIMEMEZ I LOVE CLINTON-DIX ,Non-offensiv
iZR0Ych.png,BRACE YOURSELF DISAPPOINTED BERNIE SANDERS SUPPORTERS ARE COMING made on inngur ,offensive
4KXGjz0.png,"`` One thing ca n't stand is the military . It 's a hivemind of groupthinking bigots , racists and wife beaters . am voting for # BernieSanders because I believe that he will dismantle the military and bring our troops home where we can rehabilitate them in state-run ( NOT PRIVATE FOR PROFIT ) prisons so that they can learn valuable life coping skills while not being a danger to the rest of society . You should n't have to learn to kill brown people to earn free college tuition , I # FeelTheBern because know that my husband will never pick up a weapon or participate in violence and neither should anyone else . '' I HAVE NO WORDS . # FeelThe Bern ",Non-offensiv
bGZd5db.png,Hope n ' Chains 13 April 2015 DougM Sondrakistan.com HYPOCRITES BOYCOTT HILLARY AND DEBLASIO MADE A RACIST JOKE BOYCOTT NEW YORK NORTH CAROLINA FOR KEEPIN WIENERS EXPECIN ' `` COLORED '' S TO STAY IN THEIR PLACE IN THEIR PLACE ,Non-offensiv
aL1hjkE.png,"t 's funny that `` democrats '' get mad at eh `` lefties '' for supporting Bernie . But the Dem party is the party of FDR . The leftist party . All you centrist fuckers should switch to republican if you do n't want to keep progressing left . Or you old ones can hurry and die , and the young dumb ones ... Wel heard bleach tastes really good . Like Reply 9 1 hr ",Non-offensiv
d5ZqKJ5.png,WHAT IFIRINEWSMODS IRITHE DONALD SPIES ,Non-offensiv
CIFrUHV.png,"ONE IS A STATISTDEMAGOGUE WITH MILLIONS OF DELUSIONAL FOLLOWERS LEADING the WWAY ADD YOUR NAME Paid for by Donald J. Trump for President , Inc . THE OTHER ISVLADIMIR LENIN Please research Gary Johnson . ",Non-offensiv
SPKD3JU.png,Will be the greatest Jobs president that God ever created Donald Trump ,Non-offensiv
JxTc0EC.png,"at This is horrifying ! Share this to spread the word . A vote for Hillary is a vote to kill babies ! You just heard Hillary Clinton explicitly defend , and say point blank that late term partial birth abortions are ok and that she will appoint Supreme Court justices to ensure that they remain legal . That means that up until the babies due date , the baby is half delivered , kicking and screaming , and its spine is cut or brain punctured . If you 're ok with that , you are dead inside . ILLUSTRATION OF PARTIAL-BIRTH ABORTION Like Share Comment 180 ",offensive
ykaOeQZ.png,Bernie or Hillary ? Be informed . Compare them on the issues that matter . Issue : Real Nigga Hours Smash dat mutha fuckin like button ! ! ! ,Non-offensiv
VNZBamf.png,"Donald Trump 's new campaign slogan : Make Great Again Smoking crack , A web of lies . for instance . The Gaza Strip The South . Hillary Clinton 's death stare . T HUMIDITY 2 cards Against Humanity ",offensive
QmLaggk.png,"WELL , OF COURSE THE ALLOCATION RULES WERE ABRUPTLY CHANGED WE CA N'T HAVE YOU WINNING THOSE 7 DELEGATES BERNIE . IT 'S DELIGHTFUL THAT YOU THOUGHT THEY WERE ON YOUR SIDE made on imgur ",Non-offensiv
wwEGRrn.png,"Actual conversation at Hillary supporter : ARE YOU VOTING TODAY ? `` Yeah , for Bernie . '' `` Okay , good luck with that , see you in September . `` Sorry , I refuse to vote for someone who plans on making it harder for me to marry the woman l love . '' Uh *thumbs up from 5+ people around me and 24 others 7 Comments ",Non-offensiv
TLQF1bX.png,"I do n't believe that women have any rights , and think gays should be hanged . No , actually , I 'm a Muslim and those are my religious beliefs . Wow , what acomplete primitive asshole you are ! You must be a Republican . Oh I 'm sorry ! apologize ! I hope you do n't think I 'm Islamophobic ! ( c ) 2016 Dixon Diaz ",offensive
WcXzDk2.png,HILLARY CLINTON AND HARAMBE ARE FALLING MOVE ALL YOUR KARMA TO THE PHONET NOW ! 12 ,offensive
J7KwOfQ.png,o D ... oo AT & T LTE nunlocked Y 30 % 1:47 -1:09 Electable ( Give It Up ) Jimmy Eat World Chase This Lig Of FACEBOOK 2m ago NowThis is live now : `` Watch Vice Presidential candidate Governor Mike Pence ... '' . Press for more Of FACEBOOK 2m ago NowThis is live now : `` Watch Vice Presidential candidate Governor Mike Pence ... Press home to open ,Non-offensiv
NwfrHyS.png,WHY THE FUCK ARE REPUBLICANS NOW TELLING ME I SHOULO N'T VOTE FOR GARY JOHNSON BECAUSE HE 'S NOT LIBERTARIAN ENOUGHP made on imgur ,offensive
dcjraqN.png,IF YOU SEE THIS IMAGE WHILE SCROLLING THE FIRST PAGE You have been visited by The Unstumped bird of TRUMP President Trump will come to youn 2016 but only if you reply `` Ca n't Stump The Trump '' in this thread ,offensive
6G0PNe1.png,DOG TURDS FOR TRUMP 2016 PENCE ,offensive
NtpMxK9.png,PEOPLE i PEOPLE SO Marshall Herff Applewhite Jr . Hillary Rodham Clinton ,Non-offensiv
nWjooc9.png,TRUMP IS GON NA MAKE ME WORK FOR MY BENEFITS ,Non-offensiv
dCBEORM.png,"And Bill Clinton gave a So Bernie Sanders gave a speech praising Hillary 12 speech on marriage ? Yes . Yes . And Obama gave a speech Boy , what I 'd give to be about the dangers of an a shovel salesman in uncontrollable president ? Philadelphia this week ! Yes . Me too . FaceBook com/LiberalLogic10 http : /Liberal Logic 101.com ( We do n't mind if you download and share this image , just leave the attribution . ) ",Non-offensiv
6V4OrKm.png,I 'M SO EVIL EVEN SATAN IS VOTING REPUBLICAN ,offensive
rOr3fxM.png,"Minu TRUMPTEEING OFF PRAISES BRITISH FORTAKING COUNTRY BACK news SONY `` And call it America ll , and make it great again Trump , probably ",Non-offensiv
oRz3Ms8.png,BLAMES FLINT WATER CRISIS ON REPUBLICANS AND RACISM Flint City Council 2015 Democra Democrat Democrat Democrat Democrat Democrat Democrat Democrat Democrat TRY AGAIN HILLARY made on imgur ,Non-offensiv
vsFSedb.png,Quick History Lesson : 13th Amendment : Abolished Slavery 100 % Republican Support 23 % Democrat Support 14th Amendment Gave Citizenship to Freed Slaves 94 % Republican support 0 % Democrat Support 18th Amendment : Right to vote for All 100 % Republican Support 0 % Democrat Support OBAMACARE : 0 % Republican Support 86 % Democrat Support ,offensive
xGBX7zN.png,Pre @ R . Donald J. Trump pro Trumpinsulter every or DAT BOI did an absolutely horrible job . DAT BOI should be ashamed of himself 6:41 PM 4 MAY 2016 Share this for real AGAIN ! OW ,Non-offensiv
wZk5FIY.png,"Donald Trump and Barack Obama somehow ended up at the same barbershop As they sat there , each being worked on by a different barber , not a word was spoken . The barbers were even afraid to start a conversation , for fear it would turn to politics . As the barbers finished their shaves , the one who had Trump in his chair reached for the aftershave . Trump was quick to stop him saying , 'No way buddy , my wife will smell that and think I 've been in a damn whorehouse . The second barber turned to Obama and said , 'How about you ? ' Obama replied , 'Go ahead , my wife does n't know what the inside of a whorehouse smells like ",offensive
MBdsW19.png,"`` DonALD TRUMP IS A FAT ORANGE LOUDMOUTH AND HILLARy CLITony IS CROOKED , AND JET THE PALUns ARE 5TILL ARGUInG OVER THEm . EXACTLy HOLLI THE IMASTERS ... InTEnDED . AND HERE I Am , RISING ABOVE THE BULLSHIT . TOO INTELLIGENT AND TOO ALLAKE , TO BUSy MUSELF in THE SOUABBLinG OF THE 1 % 5 CHOSEn CANDIDATES , A DELIBERATE DISTRACTIOnA IT IS An ILLUSION . AND L HAVE mORE IMPORTANT MATTERS TO ATTEND TO ",offensive
CecBrceWQAQR19j.jpg,A FUTURE TO BELIEVE IN BERNIE SANDERS.COM ,Non-offensiv
sW3bJWW.png,BERNIE SAN-DOES WHAT HILLARY CLINTDONT mgflip.com ,Non-offensiv
9diI55h.jpg.png,"MINNESOTA GOVERNOR RAISESTAXES ONTHE RICH TO BOOST EDUCATION FUNDING RAISES THE MINIMUM WAGE AND SIGNSANEQUAL PAY LAW STATE BECOMES THE FIFTH FASTEST GROWING ECONOMY IN THE US , UNEMPLOYMENT DROPS TO JUST 3.2 % , ITS $ 2.6BILLION DEFICIT BECOMESA $ 1BILLIONSURPLUS , AND ITS ECONOMIC CONFIDENCE RISESTOTHE HIGHEST OF ANY STATE AMERICANS AGAINST THE REPUBLICAN PARTY ",offensive
aaQaOEz.png,"Ivp debatel MODERATOR : ur running mate supported the iraq war PENCE : Well trump ziplines in WRONG MODERATOR : mr trump ucannot be here 10/4/16 , 5:18 PM 147 RETWEETS 364 LIKES ",offensive
9BmlvFy.png,AS WORTHLESS AS STATES AMMEEREEA 0 0 c U 8 12 THREE 0 0 ICU 8 12 MILARS A CLINTON PROMISE made on imgur ,offensive
Cm96pUGVMAA7HQz.jpg,POLITICS Trump entertains idea of not serving as president if he wins election ,offensive
p95qrbn.png,OPENING RIAL NOT SEEING RITHE DONALD ,Non-offensiv
AJvEoxw.png,"DEAR VIEWERS , JUST NOW DONALD TRUMP WAS ELECTED US PRESIDENT BASCHAR , I WILL PULL ALL MY TROOPS OUT OF SYRIA BY MIDNIGHT ! Kamran ",offensive
bcX0n1K.png,THIS IS DINO VELVET HES THE GUY WHO VIDEO TAPED HILLARY CLINTON AT THE 9/11 MEMORIAL HE 'S GOING TO SHOOT HIMSELF IN THE BACK OF THE HEAD TWICE TONIGHT . mematic.net ,Non-offensiv
fXXcSD2.png,"[ deleted ] 353 points 2 years ago Gary Johnson , I can not afford the therapist I know I need and overall feel as if I have no future . I am just another poor person being squeezed out and left to dry by the ultra-rich . As someone wanting to run for president , what hope can you give me that the country being fiscally conservative ' is going to help me and my family reach that american dream of upward mobility ? What will individual freedom and liberty do to help my situation ? permalink embed save C-1 A GovGary Johnson [ s ] -475 points 2 years ago The best chance you have to reach the American dream is through entrepreneurship . Individual freedom and liberty will better allow you to do that . Create your own job do n't be a victim . Take control of your own future permalink embed save parent give gold ",Non-offensiv
tKPYO8r.png,Bernie or Hillary ? Be informed . Compare them on the issues that matter . Issue : Want to do some dabs ? ,Non-offensiv
dOjn3Mo.png,phase 2 Phase 1 Phase 3 Make Collect Ravenous America Great Supporters Again Donald J. Trump 's Fantastic Campaign Plan ,Non-offensiv
MOMyvfC.png,facebook.com The Donald Wants to be president . Describe him in two words : DESCRIBE RIM IN WO WORDS 198 890 O I Like Comment Share 856 of 890 Smart ,Non-offensiv
D65y7fq.png,IT 'S SO COLD saw a Democrat with their hands in their own pockets ,Non-offensiv
giep513.png,"Max @ mdlabick BERNIE SANDERS RALLY 2016-02-24 , 10:10 AM ",offensive
zFnJ1x3.png,what if bernie sanders was an apache helicopter ? ProjectMurphv ,Non-offensiv
8ItzKTN.png,"47 % 1:17 PM AT & T E /r forward Strom O C forwardsfromgrandma lmgur . Com Trump Train Sep 13 at 9:02am One day , Hitler referenced the Jews as deplorable and irredeemable . The crowd agreed The next day , Auschwitz was born . Hillary Clinton called millions of conservatives a basket of deplorables , irredeemables . The crowd agrees Whats next a concentration camp for conservatives . ",offensive
mycUTal.png,I HATE THE GOVERNMENTSO I VOTE REPUBLICAN TO TRY TO SHRINK IT FUCK ME RIGHT made on inngur ,offensive
uTJaugb.png,"heh mainstream culture frowns on bernie sanders so this hat might ostracize me but i stand up for what i believe in im a dangerous freedom fighter heh Bemie I 'll never fall sway to the status quo I 'm a rational thinker , not an emotional sheep . GOD FUCKING Knit DAMN IT FUCKING PIECE OF SHIT FUCKING IDIOT FASCIST ",offensive
VOiuzA6.png,MIKE PENC DONALD TRUMP PRESIDENT VICE PRESIDENT TREY GOWDY BEN CARSON SURGEON GENERAL ATTORNEY GENERAL JEANINE PIRRD ALLEN WEST SECRETARY DEFENSE SUPREMECOURILUSIC : NEWT GINGRICH SECRETARY OF STATE RUDY GIULIANI HOMELAND SECURITY DAVID CLARKE COMMISSION ON LAWENFORCEMENT ,Non-offensiv
QQnZqPB.png,"`` This Will Be The End Of Bernie 's Campaign , '' Says Increasingly cucked SMALL REDDITOR ",Non-offensiv
H0Bh7VP.png,February 3 at 6:30am The differences ... `` I vote Republican . I vote Democrat . lown my own business . I pooped myself A Share 48 people like this . 16 shares Now that 's funny 1 February 3 at 11:05am at about covers it ! 1 February 3 at 5:53pm https : //www.youtube.com watch ? v 1fuSqSyTdzQ Rag OnA Stick ( Extended ) httpd/www.ingeniouspress.com ,offensive
Wk0Wz2D.png,"d 86 % 8:28 AM 4G Men Are Treating 2016 As . I feel queasy about being a man right now . It 's not because of men like Trump , we all knew they existed Rather , it 's the overwhelming data showing that , as a group , only women are capable of seeing what is so wrong with Trump . And not just his remarks about women , too : He 's awful on religion , race , nationality , you name it . Yet , statistically , men just are n't seeing it . The men who are voting for Clinton generally would have voted for a Democrat anyway I just feel dirty Men Are Treating 2016 As A Normal ' Election ; Women Are n't fivethirtyeight.com O Write a comment ",Non-offensiv
Cf87U8rW4AAtlvE.jpg,Bernie or Hillary ? Be informed . Compare them on the issues that matter . Issue : Favorite Call of Duty ? CALL DUTY ,Non-offensiv
V7Ie6Os.png,Bernie is Red Free College Tuition WAKE ME UP INSIDE Goofy Edition ,Non-offensiv
nsEOOZO.png,angel enriquez 5 days ago a Donald glover looks exactly like childish gambino wtf Reply 776 ,offensive
FSeqQG9.png,"Google News & Weather 10:32 PM Bernie Sanders , Vowing to Stay in Race , Ass . GE New York Times ",Non-offensiv
474EyYj.png,IREFUSETO DEBATTEMY PRIMARYOPPONENTBECAUSE IMFOCUSEDON THE GENERAL MYPRIMARYOPPONENTGETSTO DEBATE THE REPUBLICAN NOMINEE mgfip.com ,Non-offensiv
DmcdsLa.png,SANDERS N 2016 Bernie Sanders Communist Fl tem condition : New Quantity 1 Was US $ 19 89 You save : $ 9.94 ( 50 % off ) Price : US $ 9.95 6 watching Free shipping Shipping FREE Standard Shi ,Non-offensiv
gSYEayq.png,SUCCESSFUL REPUBLICAN GOVERNOR FOR8 INDEPENDENT POLITICIAN FOR ALMOST 40 YEARS YEARS Gary Johnson 2016 BECOMES A STANDS BY WHAT HE DEMOCRAT TO RUN BELIEVES IN AND RUNS FOR FOR PRESIDENT PRESIDENT AS A LIBERTARIAN ,offensive
Er3pBdJ.png,"Donald J. Trump @ real Donald Trump hrm u Hillary Clinton @ Hillary Clinton emno boys inm Single 171,794 281,840 1:40 PM 9 Jun 2016 ",Non-offensiv
k6h3IIK.png,"Bernie or Hillary ? Be informed . Compare them on the issues that matter . Issue : Venom An incredible band that 's one A toxin injected by of the most influence metal an animal from a bands of all time . With out them there would be no sting or bite . black , thrash and death metal . bernieorhillary.jaxbot me ",Non-offensiv
f0kDhU7.png,"IF TRUMP LOSES Illegals will pour into our country Our borders will be unsecured . China will put us further in debt . ISIS will not be destroyed and will thrive . The Constitution will no longer exist ! Our economy will NEVER ever recover . Radical Mslm will take control and destroy our way of life . Our Vets will die shamelessly . No matter where you or your family go , you wo n't be safe . America will no longer exist ! Vote Donald Trump ! ",Non-offensiv
0Te3Qys.png,"Cox Communications Once again , the internet and TV are out . Second time this month . I may not be a cable repair man , but i am qualified to say your service sucks . Things I trust more than Cox service to work -A drink made by Bill Cosby -A blood transfusion from Charlie Sheen Anything Hillary Clinton says -Bill Clinton at an intern convention Tap water in Mexico ISIS Casey Anthony babysitting my kids Just saying . ",Non-offensiv
2d5AxL6.png,"Is snoop dogg cute ugly ? i just wanted to know dogg 1 following 16 answers Trending Now Miranda Lambert New Bern NC Payday Loans Hearing Aids Justin Bieber Louisiana Lottery Sean Penn Alaska Airlines Maria Sharapova Luxury SUV Deals Answers Relevance Best Answer : He looks ok . I guess Lisa J 9 years ago Comment Asker 's rating I think when he was new to the whole music hip hop thing , we was good looking , because of the fact that he was young , but now I do n't really know I ai n't gay by the way , nuthin wrong with beig gay , i think . Axe 9 years ago 410 Comment ",offensive
koxcr8J.png,`` Trumpets '' `` Trump Pence '' `` Trumpets ! '' ,Non-offensiv
u4QjzUI.png,"sse . Jos ue . Michael Bay 's new three-hour action epic pits against Bernie Senders The biggest , blackest dick . Cards Against Hu 1 Cards Against Human Cards Against Humanity ",offensive
kO0gHF2.png,"Anonymous ( ID : mHMIfKBM ) 06/24/16 ( Fri ) 12:04:04 No . 78570860 File : toupees ng ( 287 KB , 497x294 ) All I know is that when Trump and Boris are both elected leaders , they 'll be like toupees in a pod ",offensive
Svfe8vm.png,"FINALLY FEELIN THE BERN I LOVE HOW ALL THE BERN- OUTS ARE LIKE , IT S JUST THE TIP ! JUST THE TIPI MENDORSE DOESNT MEAN DROPPING OUT ! '' HE DID NOT HAVE CAMPAIGN RELATIONS WITH THAT WOMAN made on imgur ",Non-offensiv
VAJZJJV.png,"3 hrs This was in my Facebook feed this morning from a church friend : `` ... two days ago our younger son came into my office after waking up . He had tears in his eyes . had a nightmare that Donald Trump was president . He put everyone in America on a boat . The boat split in half . You and daddy were on the other side from brother and me . ' We do n't have cable or local TV . Our son has limited exposure to the stuff of politics . But still , the message is loud and clear . And that is what breaks my heart . want to shield both of our sons from messages of hatred . But in the current election , that is very , very difficult ",Non-offensiv
DB1R0kO.png,"I do n't believe that women have any rights , and think gays should be hanged . No , actually , I'ma Muslim and those are my religious beliefs . Wow , what a complete primitive asshole you are ! You must bea Republican . Oh ! I 'm sorry ! apologize ! Ihope you do n't think I 'm Islamophobic ! ( c ) 2016 Dixon Diaz ",offensive
TbOyNzW.png,Bernie or Hillary ? Be informed . Compare them on the issues that matter . MEMES Issue : `` I enjoy watching those Montage Paro- `` Damn Daniel '' dies on YouTube '' obvious plant ,Non-offensiv
5spRvtw.png,PRESENTING THE NEW OFFICIAL LOGO OF THE REPUBLICAN PARTY STEDVINT ,offensive
rGPad5Y.png,Bernie or Hillary ? Be informed . Compare them on the issues that matter . Issue : here come dat boi o shit *Here comes that boy . waddup obvious plant ,Non-offensiv
WQjyHN1.png,"TRUMP OR HILLARY ? IM COMING , HARAMBE ! ",Non-offensiv
mErGXnG.png,"ITE 41 % 12:29 PM AT & T Bernie Sanders is my HERO 11 hrs Today , I had a front row seat to the Bernie Sanders rally in Washington DC . After the speech he shook the hands of supporters in the crowd . He approached me , I tapped his shoulder and told him `` do n't quit . '' His eyes began to water as he hugged me , thanked me , and promised to stay in the race . AFUTURE TO BELIEVE IN ",Non-offensiv
CVf4HDmWcAE_Q4m.png,"Bernie Sanders @ Bernie Sanders 10h how do craft redstone ? V 2.2K Donald J. Trump @ realDonaldTrump 7h Bernie Sanders you ca n't craft redstone . You have to mine it , dummy . 5.3K ",Non-offensiv
xrh5RQD.png,L Democratic Party Republican Party X Cocktail Party ,Non-offensiv
8mhcYsP.png,Donald Trump and his squad look like The Purge 3 Party ,Non-offensiv
ZOSUjXw.png,"Why are so many Millennials voting for Bernie Sanders ? Simple , they grew up learning some valuable lessons The Media is not always honest and often manipulates the facts in order to push the narrative they want people to believe . Unchecked power and privilege often oppresses and marginalizes groups based on differences , thus inducing inequality and hate . Evil comes in all forms . Even the most innocent looking can be a power-hungry , greedy , vindictive , corrupt , narcissistic , liar . It is true bravery to stand against evil and corruption and for what is Rightin the face of extreme opposition , People can be victorious when they STANDUNITED ! # Not Meus And ultimately , Millennials learned ally is a wise old man who cares BERNIE SANDERS FOR PRESIDENT in 2016 `` Age is foolish and forgetful when it @ PoliticoPotter underestimates youth . '' -Albus Dumbledore ",Non-offensiv
SXvE9sL.png,"Harold M . for STATE District 6 Endorsed Democrat l Vote November Ath Democratic V A Balanced Approach to State Policy Making I will continue to support education funding to produce an educated workforce with the skills to to Island . I will to it is important for the least of society , as ect the to maintain the social safety network des advocating ( seniors and ised for re-entry programs for prison . orted trong ",Non-offensiv
C2Rjlth.png,"R/ENOUGH JILL STEIN SPAM comments If this gets 690 upvotes Bernie Sanders will be deported to Sweden ( self enoughsandersspam ) Aa submitted 20 hours ago by 30 comments share save hide give gold report sorted by : best you are viewing a single comment 's thread . view the rest of the comments -1 9 points 16 hours ago Fuck it , put him in Gitmo permalink embed save report give gold reply ",offensive
Rb48yZM.png,SO HILLARY AND BERNIE ARE DEBATING SOCIALISM AND CRUZ IS BUSY WITH CAITLYN JENNER 'S FACEBOOK VIDEO on Ingur ,Non-offensiv
18nGcfg.png,"23 hrs To all my friends on FB , just a short note to you on our pus headed `` president '' This character who l refer to as zero ( 0 ) should have been taken out by our military and shot as an enemy agent in his first term Instead he still remains in office doing every thing he can to gut the America we all know and love Now comes Donald J Trump to put an end to the corruption in government The so called elite , who are nothing but common dog turds from your front lawn are shaking in their boots because there is a new Sheriff coming to town , and the end to their corruption of the American people ( YOU ) is at hand I can not believe that a common murder is even allowed to run ( killery clinton ) OR that a commie like bernie is a also allowed to also run Come on America put your big boy pants on -- this election you have a choice -- GET YOUR ASS OUT AND VOTE Thank you ni Like Comment Share ",offensive
8UJlZ3J.png,"After Cookie Monster loudly declares he is `` Feeling the Bern ' , Ernie re-christens him `` The Cuck-y Monster '' ",Non-offensiv
Pv3M76n.png,"July 14 at 10:03 AM Here 's a social experiment for ya , go to the Donald J . Trump Facebook page and see how many of your friends have `` liked '' his page . Then go to Hillary Clinton 's Facebook page and see how many of your friends have liked her page and post the results below . Chances are if she wins it 'll be because of voter fraud . Hillary 4 Trump 185 Like Share Comment 4.7K ",offensive
27nZ2PK.png,# Feel The Bern ,Non-offensiv
SGQOyjW.png,"St. Louis 8:37 AM CT HILLARY NICKELBACK 2nd PRESIDENTIAL DEBATE LIVE ON CNN TONIGHT # CNNSOTTU LIVE TRUMP : `` I WILL NEVER DROP OUT OF THE RACE '' l CNN Amanda Carpenter CNN Political Commentator 9:37 AM ET STATION , LONG ISLAND RAIL ROAD SPOKESMAN SAYS ABOUT 600 PAS STATE OF THE UNION ",Non-offensiv
CkhmsCi.png,Hillary Clinton Donald Trump Said some dumb Bullshit Likes a nice bit of Gorgonzola Wallace ,offensive
JBUKM8i.png,BENGHAZI CO ILLALLOWIT ! THE CLINTON FOUNDATION CD ILLALLOWIT ! VOTER TAMPERING CD ILLALLOWIT ! LYING TO THEAMERICAN PEOPLE CD ILLALLOWIT ! ,offensive
fC5euc2.png,BOOKS OF ADAM By ADAM ELLIS Not the original comic ! Inequality Income Feel the BERN SHHH ft.com/buzzfeedadam I 'm voting Bernie because the 1 % needs to pay their fair- TAXATION IS THEFT ,Non-offensiv
dOr1Ljj.png,"ELECTORAL MAP CLINTON WNS 272 VOTES THE ROAD TO 270 272 EURETION NIGH CLINTON 179 ON CNN BREAKING NEWS LIVE WENER SENTING PROBE LEADS FBI TO REVIEW CLINTON CNN CASE FROM THE US . MILITARY , 9:33 PM E CHINA 'S MILITARY SPOKESPERSON SAYS AM AC360 ",offensive
CWxcn8cWcAEOWqO.jpg,"CBS NEWS DEBATE `` Thank you , good night and may the Force be with you . '' HILLARY CLINTON ‹Ä_‹Ä_‹Ä_‹Ä_ ",Non-offensiv
0EwB4LT.png,le me in school e MA C bernie Sanders is dumb trump FF s li eld Ju FFE FF UU ,offensive
eMSADPX.png,WHAT IFI TOLD YOU THAT MORE THAN 40 % OF CONGRESS ARE HILLARY SUPERDELEGATES SOINCREASED SUPPORT FOR GARY JOHNSON WILL RESULTINAHILLARY PRESIDENCY NO MATTER WHAT ,offensive
X6BtuWV.png,"IF MR . BRIGHT HERE TOLD YOU TO VOTE REPUBLICAN , WOULD YOU DO IT ? OH , UH , NO , SIRI DO N'T VOTE REPUBLICAN OR DEMOCRAT . CHOOSING IS A SIN . SOI ALWAYS JUST WRITE IN THE LORD 'S NAME ! THAT 'S REPUBLICAN ; WE COUNT THOSE . ",Non-offensiv
qKM2ucu.png,How do I fix Americas immigration problem ? Can I call you back ? Bernie is on the other line asking me about economics . ,offensive
s972ZwU.png,Hillary Clinton will endthe Republican war on women . Those women were ng Whores Did n't she marryA a serial rapist ? HILLARY 2016 Eileen Wellstone Elizabeth Gracen Juanita Broaddrick Regina Hopper Kahleen Wiley Sandra Janes Kathy Bradshav Cristy Zerche Paula Jones HIL Carolyn Motet ,offensive
Eq9f1cu.png,"`` The other thing with the terrorists is you have to take out their families , when you get these terrorists , you have to take out their families . They care about their lives , do n't kid yourself When they say they do n't care about their lives , you have to take out their families Donald Trump , December 2nd , 2015 ",offensive
iZgFwkB.png,MONESSEI UNDU MAN UNPs are do he SCOTT BEVERIDGE/OBSERVER-REPORTER John Bogacik of Elizabeth stood among Donald Trump sup- porters Tuesday when the presidential candidate spoke at a private gathering in Monessen . ,Non-offensiv
Ce0OU-iUIAALkmn.jpg,"YourTeamSucks Dante30 00 My sister and bro-in-law for sure had this . I ca n't remember who his was , but hers was Bill Clinton . That 's right : back in the day my sister said she 'd fuck Bill Clinton if she got a hall-pass for a freebie with a famous person Reply ",Non-offensiv
SZTu5uv.png,"V FULL SPEECH : Donald Trump Republican National Convent Et ABC15 Arizona 67,247 view aoC REPUBLICAN NATIONAL CONVENTION ARIZONA 57:42 1:16:41 ",Non-offensiv
dPkUsp1.png,"MAGAZINE SEARCH EMAIL SIGNUP poumoo.coM 8 f OUR LATEST I 'M WITH ECER Add my name 2016 Think You 've Got It Locked , Hillary ? Meet Jill Stein . The Green Party candidate insists it 's her year to get noticed and she may make it onto 47 state ballots . By BILL SCHER I June 19 , 2016 Getty Images ",Non-offensiv
JsZdMIq.png,New Clinton campaign merchandise Welcomes Bernie supporters . I 'M WITH HER ,Non-offensiv
Cco_BiaUMAAla6m.jpg,"WHO HAS THE BETTER DISSP NOTBILLWALTON You a fan , a phony , a fake , a pussy , a Stan Trump is a phony , a fraud , his promises are whip your ass , you 3G in a karate class as worthless as a degree from Trump univers ",offensive
jn4oI6f.png,Feel The Bern ,Non-offensiv
gK5tKHN.png,# Feel The Bern Bernie or Hilla Be informed . Compare them on the issues that matter . Issue : No Era Penal Robben is a good l totally agree with Rafa Marquez and my fellow Mexican friends . Robben aka flopper . Flopping Mr. Clean flopped and elimiated Mexico from the World Cup . have to say that is part of soccer . was one of the most depressing day of my life . Shi Wants The ,Non-offensiv
RSTEno4.png,"REVOLUTIONARY CHANGE YOU MEAN LIKE CAMPAIGNING FOR BERNIE SANDERS , RIGHT ghip.com ",Non-offensiv
05nBEvh.png,Had an Ethics class where people were shitting on Trump . destroyed most of their arguments . Prof asked me to stay after class . He thanked me and told me he was afraid to be pro Trump in that class . ,Non-offensiv
ZAloCy9.png,`` Imagine Donald Trump sitting in the situation room `` Deciding wether to send our troops into battle '' . ,offensive
0bOKK62.png,Hillary Clinton was a young woman who lived in a closet under some stajrs . ,Non-offensiv
bxT32op.png,IF YOU WANT TO MAKE REDDIT GREAT AGAIN DOWN VOTE EVERY PRO TRUMP POST DOWNLOAD ME GENERATOR FROM HTTP //MEMECRUNCH.COM ,offensive
cnUn6I4.png,"my history my staunch democrat teacher always praises students who give other students a green scantron when those students forgot to bring one He says `` wow look at the socialism in the room , maybe bernie has a chance after all '' ",Non-offensiv
2pt7Wkd.png,Bernie or Hillary or space socialism ? Be informed . Compare them on the issues that matter . Issue : space `` Space is both the `` What we need to `` I met James metaphor for the limitless worry about is the Armstrong aspiration of our 1 % here in 'Murica revolution and the canvas once and he blah blah blah '' on which we shall paint the was very tall '' future ,Non-offensiv
pnJqmzw.png,"for us THE WITH SITUATION ROOMBLITZER 2016 CLEVELAND TRUMP AM LIVE L BREAKING NEWS CLINTON , TRUMP DOESNTDESERVE MUCH CREDIT FOR AID TO VETS CAN S & P 2.10 ST HIM BIG PORTIONS OF THE PLAYBOOKS ARE DEDICATED TO HOW T SITUATION RooM ",Non-offensiv
JRpm6xn.png,"Follow l refuse to think of the United States of America represented to the rest of the world by this racist cunt . He would line his crony 's pockets by immediately engaging us in another war , sending our precious men and women overseas to die so they can get rich ? NO- Meanwhile turning this country into a fascist regime where nobody Brown is safe to walk the street unmolested ? ? HELL NO . FUCK THAT NOISE . f he wins the nomination and you sit on your ass at home and do n't vote to ensure he does n't win the election , then you do n't deserve to breathe . Yes , I DO feel that strongly about it . `` Get him the hell out of here ! ' : Trump sics supporters on black protester who gets beaten and kicked CNN reporter Jeremy Diamond postedvideo to Twitter of a black protester being shoved down , punched , kicked and tackled during a political rally for Trump in ... RAW STORY COM 66 Likes 22 Comments 14 Shares ",Non-offensiv
8jiJ4Zt.png,"Paul Horner 1 hr Phoenix `` She 's a great daughter , the best daughter . And if she was n't married , which is a horrible marriage by the way , l would be up in that , way up . And it would be a great time , the best time there is , I think we can all agree on that . And incest laws in this country are not good , they are a disgrace . And we can thank crooked Hillary for that , who is just a horrible person , the worse person there is . And we can make incest laws in this country great again , the best laws , the greatest laws ever . '' # Trump Talk ",offensive
bmM6pSU.png,"YO GARY JOHNSON 2016 , IMMALETYOU FINISH BUT RON PAUL 1988 WAS THE GREATEST LIBERTARIAN CAMPAIGN OF ALL TIME ",offensive
bpc3wap.png,"NGSTOWN HIO AUGUST 15 Rudy Giuliani : Former New York City Mayor Says There Were No Successful Terror Attacks 'Before Obama ' Giuliani said there were no successful radical Islamic terrorist attacks in the U.S. in the eight years before Obama was president , and that they `` started when Clinton and Obama got into office . '' YOU WENT FULL RETARD NEVER GORULLRETARD . ",Non-offensiv
iutC6Qy.png,Pussy almost brings down Trump Weiner knocks out Clinton ,offensive
yGHKtzg.png,CLINTON SAID SHE B BRINGING BACK RUGRATIS AM GOING TO UOTE FOR HER ,offensive
phyDxAb.png,2 hrs THAT AwKWARD MoMENT wHEN ... I. BERNIE SANDERS ADMITs HE IS A DEMocRATIC SoCIALIST . 2 . NAZIS wERE DEMocRATIC SoCIALISTs 3 . AMERICA FOUGHT AN ENTIRE WORLD WAR To STOP THE ADvANCE oF DEMocRATIC SoCIALISTS . SINCERELY SANE AMERICANS Like Comment a Share and 9 others A Nazi is a member of the National Socialist German Workers ' Party . They are not Democratic Socialists . Like Reply 12 mins Write a comment ... ,Non-offensiv
Qj9x2wz.png,FOR HILLARY BLOOD ON YOUR HANDS Stop Voting out of Fear ! Vote Green Vote for Jill Stein ,offensive
1f2zSW8.png,Debate Site St. Louis 3:21 PM CT HARA ENTSPIZZ . BREAKING NEWS BAMA SPEAKS FOR IST TIME SINCE TRUMP SVULGA KAINE : `` IT IS NOT JUST WORDS . IT IS TALKING ABOUT A F ,Non-offensiv
