processed_sentence,label
3 hr black nurse connecticut asked trump bringing back slavery earnest chuck know real raaaacists ever talk bringing back slavery agenda nurse good talk chuck mostly want menfolk raping woman mugging u killing u also want stop kid got ta pay nurse yeah got stop well liked donald apprentice ill vote many puerto ricans country one got ta watch ca conversation like race,offensive
believe woman right andlthink gay hanged actually l muslim religious belief wow complete 4 primitive asshole must republican oh sorry apologize hope think islamophobic c 2016 dixon diaz,offensive
fuck irithe donald better news coverage irinews made imgur,offensive
bern subsides get ready feel johnson,Non-offensiv
mag wally clinton awesome congratulation euen beat guy democratic presidential nomination democrat 2016 mac kwaly,Non-offensiv
28 pm 76 detail dad message text message today pm guy bernie sander going bankrupt country son dad really kewl didnt know true kewl awesome learned reddit youve convinced feeling bern love dad love son text message send,Non-offensiv
addition lambasting zoo death gorilla campaigner also want make deceased primate president america polling month revealed two per cent texan voter supported animal level support green party candidate jill stein,Non-offensiv
republican party donates book elementary school 500 copy killing rising sun bill,Non-offensiv
olmec know legend behind treasure temple one going hear today information lead hillary clinton arrest,Non-offensiv
point 5 hour ago lol redditors believe anything long come disgusting democrat like michael moore scam fool money watch fake shit remember watched sicko theater liberal girl dating actually believed cuba healthcare system better anyway got date tonight beautiful woman instagram model degree economics plan read milton friedman bed together tonight fool fun arguing fun real life permalink source save report give gold reply,Non-offensiv
flash mob vote candidate especially bernie sander,Non-offensiv
thingsitrust donald trump nfl meme 1 flint michigan tap water 2 bill cosby drink 3 elevator ride ray rice,Non-offensiv
louder crowder com registered democrat islamic terrorist gay people left blame christian nra ca write stuff crowder selike agree,Non-offensiv
trumpand two choice hillary suck suck,Non-offensiv
marine captured daring daylight raid single handedly took 13 combatant donald trump would deported muslim share islamophobia,offensive
suicide suicide squad executive producer trump chief fundraiser steven mnuchin involved two intense mission summer raising cash donald trump suicide squad mole show cant 2016 normal landmaster normal setting dryer,offensive
dislike trump help votehimin way change party within yes hillary supporter ridiculous sound,Non-offensiv
academy award bafta award winner never called anyone voter actually said response shamed supporting man woman 369 803 academy award bafta award winner vote vagina insulting woman think would follow candidate woman 460 902 academy award bafta award winner hrc rep interest bernie sander simple 199 494,Non-offensiv
clinton supporter say word support fracking support election fraud support big pharma voter suppression support tpp support arm deal supported nafta dictator supported doma l support drone bombing supported repealing innocent people glass steagal support gmos support citizen united support offshore drilling,offensive
22 hr america need conservative liberal america need republican democrat president congress america need leadership get knee dedicate america back god like forefather year ago wake america turn back root great country sang god sovereign lord like comment share 12 people like,offensive
gary johnson hasconsistentl time kea opposed drao war tremendous success u start overseasinterventions rromamilitary thinking iraq standpoint asa business opportunitya think wallstreets group rocket diceto even beyond opposeendless war,offensive
gary johnson super pac spent internet web meme 3 others 1 comment like comment share,Non-offensiv
come dat boi shit waddup thought take sorry doubting bernie sander,Non-offensiv
gary johnson meme stash 4 min wait guy really libertarian know capitalism killed people hunger disease war 20th century alone right mention atrocity carried u britain 19th century justify like comment share first person like,offensive
hillary clinton hillary clinton add cancel,Non-offensiv
january 22 2017 secretary defence christie retain name phonetic pronunciation kris however written form appear text string rm mn foreign policy decision made exclusive reliance president trump impeccable business acumen based solely interest trumpco industry llc officially synonymous america interest term citizen united state similarly synonymous employee trumpco industry employee deemed unprofitable reportable trump fired via naval railgun gulf mexico president donald trump,offensive
heal bill clinton first nigga president obama haha got black nigga race nigga shit nigga nigga freaky bill got dick sucked cute fat bitch wife hall bed room ai sum nigga shit know nigga smoke weed,offensive
back april 25 2016 pm guy bus stop hey sexy girl ignores guy said hey fucking bitch girl please leave alone guy kill god dammit l leave alone buster guy u gon na tough guy take trump hat guy head put bernie hat headl guy hey bernied bub girl number call everyone clap cheer,Non-offensiv
amazing myth donald tanked debate vot c kind viral,offensive
come johnson 2016 facebook reasonable peopl gary johnson,Non-offensiv
imgflip com ive feelin bern,Non-offensiv
spusu n 55 porn hub x free access pornhub premium hd donald trump hillary clinton real celebrity sex tape exposed xxx usa view 79 verified,offensive
lie detector reveals bush secret reptilian closet shapeshifter democrat bush chan bus gore,offensive
might see nothing piece cardboard ernie wallow horrifying truth year innefective chemotherapy left bert frail weak indistinguishable thick card stock knowing bert longer capable coherent communication bernie wonder brother resents miserable state trapped infirm unable interact world first time bernie seeing bert struggle simply move eye breathe doubt made right choice,Non-offensiv
strong together strong together hillary clinton seen bernie sander purged 2016 following execution clinton edited photo cabinet censor retouching common sander rule,Non-offensiv
obama pitamericainthetoler hillary flush patriot post,Non-offensiv
hey girl everytime someone decidesto vote bernie sandersismile,Non-offensiv
20 pm oo detroit free press metroid e res hide caption political reporter kathleen gray free press pollster bernie porn discus shift part usa today network facebook live 2016 series politics new poll show clinton trump nearly tied michigan aa todd spanaler detroit free press,Non-offensiv
bernie sander endorsing establishment campaigned touch voting base wantedp voter thought h could actually true political change america touch made imgur,offensive
get reddit frontpage bernie got 700am today brushed teeth 1 copy link 2 post link 3 frontpage,Non-offensiv
bernie hillary issue chicken wing wingstop spot lemon pepper wing bww chicken wing spot mf mango habanero sauce bbq wing sure spicy original hots side l really feel bern,Non-offensiv
hillary clinton attack donald lrump posting pepe frog meme independent sep 13 2016,offensive
nooing gop coming florida zika fight trump saw penny exclusive nterview 1 hard question wooing gop live clinton reach wary republican msnbc year nearly doubling advantage held mt,Non-offensiv
tribune met bill clinton talked grandchild general loretta lynch want visit grandkidss grandma prison cagle com,Non-offensiv
hillary clinch nomination vote bernie sandersanynay inngflip com,Non-offensiv
love gary johnson really love gary johnson looking candidate saying love themp made imgur,offensive
member donald trump co harmless old realitytvstarp comedy,offensive
shhhhh soon bernie president hill look pretty flower hillary,Non-offensiv
instead chem homework democrat voted donald trump feel anything loose skin weight loss want girlfriend light self subredditsimulator submitted 8 hour ago confession s 45 268,Non-offensiv
say blue collar man sayesheisa blue collar selfamademan gary johnson 2016 isan actual blue eco collarsetf made man man,offensive
e data mtered bernie,Non-offensiv
trump purchased rebuilt grand mansion estate palm beach florida got dispute city well known strict zoning regulation trump put 50 foot flag pole even though 30 foot maximum allowed city imposed dollar fine per day trump city argued back forth finally fine reached dollar trump proposed solution would donate amount veteran organization would move flag pole different location front mansion would use 30 foot flag pole city agreed trump brought company golf course construction build 20 foot high grassy hill put 30 foot flag pole top,Non-offensiv
care trump sandin 2005 mike green democrat back fault,offensive
trump release tax return benghazi bitch release email,Non-offensiv
unscathed penny,Non-offensiv
iniowa bernie sander got 84 youth vote 18 youth showed vote youngberners one job showupand smash mfvote button,Non-offensiv
ey girl lem holla u bernie,Non-offensiv
hilary clinton win 2016 first time two president sex,offensive
il think marriage marriage always man woman hillary bdoham clinton 2000 atbt politics proud celebrate historic victory marriage equality courage determination lgbt american made possible hillary clinton ethan millerjgetty,Non-offensiv
trending karl marx chinese state medium promotes rap song admiring 19th century german philosopher extinction event killed marine animal addition dinosaur study say hillary clinton presidential candidate remains winner kentucky primary recanvass vote see,offensive
donald trump brother donut trump every second donald take brother donut updough post 375 degree boiling oil comment dont grump mr trump help donut,offensive
mon morty got ta burp solve income inequality wubbaluba dubdub feel bern,offensive
pm oo verizon 94 k setting centurylink7942 choose network hillary trump 2016 ask join network known network joined automatically known network available manually select network,Non-offensiv
shared photo 2 hr really dont support hillary bernie trump l rather put jesus back white bernie nice old man wanted help u u voted liar racist like comment share write comment,offensive
night shyamalan new movie bruce willis discovers really along card humanity pick 2 compensation hillary clinton bill clinton naked bearskin rug saxophone 3 card agains hamenes,offensive
hilary clinton makesiokes colored peopletimebut liberalsscreamtrumpistheracist thats business gflip com,offensive
make america great donald trump move wife like bitch grab daughter crotch grab sister brag bus car aplane train unless stop,offensive
hillary oversaw coup honduras installed regime murder indigenous right activist democrat want trump win pm,offensive
trump face look like tragic accident anus bleaching salon made imgur,Non-offensiv
trump lose dime running president iguaranteeit,offensive
say gender racedontmatter vote hillary time forum woman president thinkscultural appropriation wrong,Non-offensiv
remember everyone bernie neverwanted hillary president pepperidge farmremembers,Non-offensiv
tribune bernie feel burn,Non-offensiv
like page obama fly around country air force one accompanied crooked hillary president plain sight campaigning wrong yet kentucky democrat attorney general kentucky going humble woman went jail belief god intended marriage one man one woman beshear also hot trail christian governor filing one frivolous lawsuit another one may laugh l fear far away democrat power herding people book commonwealth stadium unleashing modern day lion upon u dm kim davis kentucky clerk refused marriage license violated open record act frankfort ap kentucky lawyer general office say eastern kentucky region assistant made news declined issue marriage,Non-offensiv
bernie hillary informed compare issue matter issue favorite dlr conner tanner,Non-offensiv
verizon lte pm 76 setting myspe choose network hillary clintonsprivates netgear 10 ponti pontlext ask join network known network joined automatically known network available manually select network,Non-offensiv
democrat party world successful hate group attracts poor people hate rich people black people hate white people gay people hate straight people feminist hate men environmentalist hate internal combustion engine lot bratty college kid hate parent however real secret party success attracts support journalist hate republican therefore work tirelessly convince rest u vote democrat,offensive
gary johnson could exposure would great made imgur,Non-offensiv
hillary hitsinourhands jill stein president,Non-offensiv
dirty donald crooked clinton democrat america choose,offensive
anonymous id wwl21 ss5 sat 2 82336988 82337591 82338 4007 8233 9818 2 82341989 82342803 82343149 2 82345582 82345632 82345887 82346435 82350134 823516913 82351911 file 14692459 ng 412 kb 725x480 think forgotten donald thousand year l waited watched dejection made pitiful country great hope enjoyed really time president l amassed great terrible army skeleton delegate skelegates donald without around ward force chaos finally escape prison made first mistake donald l return fateful night 2016 claim rightfully mine together army skelegates l finally majority l need become republican nominee fight principled conservative campaign president nothing stand way goodbye donald new york way taint party longer priesthood rising new power l plunge country tenthousand year darkness delegate side every step way thank donald,offensive
never stereotype anyone matter group part oh republican must racist,offensive
let clown fight meet green room name melissa melania whatever meet breaking news debate begin momentarily cnn,Non-offensiv
rump america great lent majority ands ru mp great ca trump trump feminist tor bernie,offensive
racist democrat chief justice court decided separate equal something everyone would accept,Non-offensiv
george bush ya thing trump,offensive
paul joseph watson prisonplan 3h family ripped apart life hundred thousand woman child iraq shut fuck complete cunt jeb bush jeb bush grandfather two precious girl find apology excuse away donald trump reprehensible comment degrading woman,offensive
hump trump lhp trump e trump trump trump tru metru mp penny penny trump trump rum trun trump great ilaime tru mp trump trump tru mt pen trump rumitrump tr trump trump,Non-offensiv
donald trump donald duck e donald truck made imgur,Non-offensiv
going family moral value bankruptcy must go pocrisy tfque republican party last day gop rent sang,offensive
2016 take hillary pill story end wake bed believe whatever want believe take bernie pill stay truthland uncover deep corruption go remember bernie offering truth nothing,offensive
rural neighbor hippie bernie supporter dog got loose guess neighbor btfo self donald submitted 6 hour ago donald 158 comment share put maga hat coaxed car drove mile place saw neighbor itold caught dog illegally entering country deporting neighbor laughed offered beer understand people different political viewpoint still good neighbor,Non-offensiv
fuck bernie sander starter pack science economics economic teaching leon maclaren discover conditons allow evey indwodual true goal economics patriot wikipedia free encyclopedia http wiki patriot patriot someone feel strong support country see also patriotism raymond make well ed patriotism new england patriot,offensive
comic starring jay ferris bfan 1001 flea comic septapus internet need lot fixing genus anyone window vista know fix internet thats im voting al gore fix internet broad request dunno hear jill stein great plan decontaminate wifi,Non-offensiv
wallinside nazi gas chamber dwebs democrat mention gun control remember picture,offensive
27 year old staff attorney house judiciary committee watergate investigation hillary rodham fired supervisor lifelong democrat jerry zeifman e hillary asked hillary rodham fired zeifman said interview liar constitution rule house rule committee rule confidentiality,Non-offensiv
19 hr none opinion matter like comment share 7 others yeah like opinion like reply 12 hr also absolutely fact like 9 paragraph soliloquy black life matter bernie sander something put facebook matter like reply 3 hr especially everyone seems think facebook e profile fucking mouth god like reply 3 hr,Non-offensiv
bernie hillar informed compare issue matter super bowl issue halftime show wish woo play scientist,Non-offensiv
new hobby putting donald trump mouth puffer fish,offensive
bernie hillary informed compare issue matter robot uprising issue elling roomba nervous metallic lau bring ha ha ha asshole obvious plant,Non-offensiv
bernie look like guy disaster movie know coming one listens bad hair keep dropping paper,Non-offensiv
believe woman right think gay hanged actually muslim religious belief wow complete 4 primitive asshole must republican oh sorry apologize hope think islamophobic c 2016 dixon diaz,offensive
q10 candidate president democrat hillary clinton republican donald trump independent harambe would vote 48 hillary clinton 43 donald trump 5 harambe 4 sure,Non-offensiv
share wow care listen hill going go gon na make lot policy never gon na watch let go bern grow,Non-offensiv
trust hillary clinton far throw,offensive
cruz ha wiscon milwaukee wi 57 pm ct ted cruz donald john ka sen ted cruz delivers remark victory wi gop primary america election hq 2016,Non-offensiv
bill clinton looking like got case suds sa,Non-offensiv
cedar rapid ashington dc 55 pm et 11 dak live breaking news clinton land iowa fbi reopens email investigation wolf f year consumer confidence also hit high l go hillary,Non-offensiv
add friend 5 hr hopped cab today elderly cab driver writing clipboard driving literally accelerating jotting blaring howie carr yelling like yelling raising voice excitement provocation said hello something crazy weather donald trump going save world pushy asked college discount id saying must sort bernie supporter socialist n breath asked much wanted give tip could make correct change gave appropriate tip l understand cab driver without tip ca actually live wage earn fellow human bring care others qaulity life fair pay thier labor head still tilted making whattheactualfudge face 1 comment like comment share,Non-offensiv
donald trump public eye forover30years never accused racist startedrunningfor president political opponent started attacking think,Non-offensiv
hillary scandal trump scandal called woman fat 20 yearsago 4 dead american benghazi supportedarming syrian jihadist led rise isi supported toppling gaddafi led international migrant crisis private server lied oath took clinton foundation donationsfrom country oppress woman clinton foundation pay play intimidated bill clinton rape victim laughed defendingachild rapist called kkk leader robert byrd mentor russian uranium deal rigged primary bernie lied medium health,Non-offensiv
h smoke upthe weed9 1 point 12 hour ago give answer clear symbolization abstract social force revolutionary struggle individual necessarily bad thing bad leftist american fighter spanish civil war lincoln brigade bad venezuela revolution us image simon bolivar bad hillary clinton strong support base black people image bill clinton whereas republican base abandoned jeb bush attempt use legacy george bush l bad people think kurt cobain genius whereas countless band mimic inferior form cult personality remove mysticism propagandistic function word answer simply way talk something deeper thus thinking cult personality ironically creates cult personality believe concept real power instead ti symptom deeper process,Non-offensiv
bernie hillary informed compare issue matter issue selena loss selena unsurmountable loved j lo would superstar lifetime crossed market mainstream movie english market fashion sense stage presence dance move charisma like none seen fuck yolanda saldivar,Non-offensiv
got politics month ago pay attention economics history high school starter pack 2016 bernin berniesanders com bernie feel 2016 bern,Non-offensiv
guy reddit told communism go human nature realized year studying dialectical materialism political economy useless bernie sander right socialism government give free weed friedrich engels,Non-offensiv
paul ryan pryan barstoolbigcat 1 20 want see harambe oval office public policypolling olls support president gary johnson 6 harambe 5 jill stein 2 pm 1 retweet 1 like,Non-offensiv
bern png 48 kb 733x594 google igdb anonymous id yc2d15uq 5 hour ago 13661948 13662111 13662216 13662300 e 136623rg 13gs2381 136g2422 73663050 73663192 73663333 73663368 73663529 73663771 73663890 73664136 73664279 73664291 73664377 73664435 73664594 73 false dangerous 73665677 73665999 73666059 73666192 73666215 73666278 73666302 73666400 73666805 73667887 73668267 73668841 73668876 73 73673762 73676350 73677137 http http vsewuto8nr1rsw fuck wrong people make bernie sander glowsticks need anonymous id yc2d15uq 5 hour ago 73662032 663600 63836 978 73670230 7367324 73662906 apparently toddler got face blown mother tried making one anonymous id f4ralf j 4 hour ago 73662906 73663200 73663836 73664466 73665240 73665812 73668332 73676432 7366 2032 bet feeling bern,Non-offensiv
imagine started hip hop career l threw underground concert claimed concert awesome people showed cheered like crazy bunch evidence revealed indicates like eight people actually showed completely bullshitting point everyone would believe l mentally deranged biggest liar face earth nobody would say exaggerating would far generous different donald trump outlandish saw many thousand muslim new jersey cheer claim except one thing many people still believe say slightly exaggerating,Non-offensiv
donald trump winsthe oscar lead actor comedy film outstanding work gop presidential debate,offensive
donald trump real donald trump th v post nude anyone pas level 4 new game trump run downloadnow 42k,offensive
rump economic plan would r million vols scare anothe rum p prrs alt ncy 3 write donald trump quote impressed 4 write donald trump quote alarmed rump claimed ouolted,Non-offensiv
blame black guy yeah hillary care try blame decision use unsecured email server black guy long black guy blaming cartoon hen hen com copyright henry christensen 2016,offensive
updated profile picture 21 hr l sent absentee ballot feelin bern favorite bernie underwear friendly reminder vote primary tomorrow also friendly reminder sexualize female body,offensive
http gic10 l ociclo com bernie sander free gic ttp vacation venezuela enjoy watching idea put effect ttp ttp rallogic1 htl http john hayward dallogic10 http com http http mind download share image leavetheattribution,Non-offensiv
many gop keep calling donald trump liar manipulator liar manipulator 301 republican elected house senate promised stop barack obama godless democrat party destruction america didnt stop anything,offensive
fear lead anger anger lead hate om hate lead stupidity stupidity lead supporting hillary clinton president,offensive
e victim communism gov e r f u n n kind yougov poll show bernie sander bounce collectivism surprising support socialism communism among younger american 45 year old would vote socialist 21 communist millennials believe george bush killed people stalin vast majority unaware communism death toll millennials prefer word karl marx bible bernie sander philosophy win support milton friedman,Non-offensiv
magba662b5murphy bernie sander communist proiectmurphy,offensive
find someone thought friend support hillary clinton block 1776 reborn,Non-offensiv
viewer warning blog written monarchist warned material contained blog reactionary religious advised republican government politician particular revolutionary mocked ridiculed insulted unmasked truly disgusting character blog recommended anyone favor revolution admires politician hold inherent respect republican government anyone lacking sense humor anyone politically correct anyone hold whig version history advised leave offended outraged feeling hurt,offensive
evolution democrat kennedy put man moon obama put man woman bathroom loser embarrassment democrat party become may 201o write comment post,offensive
finding frank ocean meannipciuresm vin peen l um l n e bern wi iinaian fem irli ktcnej akiaehin meala rea sem al r ea raki h sty,Non-offensiv
hillary clinton hillary clinton realdonald trump think democrat care opinion feel putting stuff belong 1272 2210 retweets favorite donald trump arealdonald trump hillary clinton ask bill 3322 5880 retweets favorite,offensive
undervalued property tixit flip aprofit flipping house ralph r robert reference rest u 1 national best seller trump art deal star nbc hit show app donald je trump tony schwartz hallstreet,offensive
trump penny sound signify beginning end made inngur,Non-offensiv
94 e breaking news hillary clinton say egyptair flight 804 highlight threat organized terror group watch live politics cnn donald trump wait investigator call missing egyptair flight act terror,Non-offensiv
bernie fan realized actually go vote tweet ohateptunte,Non-offensiv
27 year old staff attorney house judiciary committee watergate investigation hillary rodham fired supervisor lifelong democrat jerry zeifman hillary da asked hillary rodham fired zeifman said interview liar unethical dishonest lawyer conspired violate constitution rule house rule committee rule confidentiality,Non-offensiv
threedogs toaster mother trump feed trumplings small loan million dollar,Non-offensiv
momma said trump buildsthat wall put hillary side want back email u,Non-offensiv
shared subjectpolitics video 2 hr sad make 74 year old socialist look good comparison hillary clinton playing noman card count 1 subjectpolitics com ix view subjectpolitics like page april 28 hillary clinton play woman card 13 time minute like comment share could make osama bin laden look good like reply hr edited,offensive
iso telling hillary clinton rubbing elbow known kkk member robert byrd deferred black ciildeen super predator pushed legislation disproportionately target incarceration minority somehow deserves black vote,offensive
12 min 2 sure real anyone know credible sperm whale found dead fl stomach full uncounted bernie sander ballot according press release florida marine biologist union many whale stomach full uncounted bernie sander ballot like comment share,offensive
johnson 2016 facebook reasonable people gary johnson,Non-offensiv
pokemon go released u fro fbi stanceon hillary clinton,Non-offensiv
donald trump hair look like someone tried use blur tool photoshop cover bald spot,Non-offensiv
mama supposed vote l supposed vote democrat going blast republican blasting as,Non-offensiv
ecakpnbehn rnacobnl 18 minute ago presidential nominee people higher iq voted clinton trump majority vote people generally irrational embed cahybaj noyet,Non-offensiv
voting trump bernie like blowing dude girlfriend dumped really racist dude alpaca pone,Non-offensiv
like ike like ike frank culotta republican club u like k,offensive
glory bern,offensive
mom got kicked emotionally abusive home age 16 took loan paid graduate high school early go college early go medical school early become doctor without financial familial support parent go college became anesthesiologist married bad man left four month gave birth twin baby never came back financially supported child spoken brother nearly fifteen year worked hard l could work hard l first person family go harvard harder girl people like girl much generally worked hard worked hard understand criticism understand american dream broken mom bootstrappy story atypical nearly unattainable especially people color happen mom happy get see woman president lifetime huge day incredible woman like mom hillary everyone else also delete post aggressive orthreatening respect bernie supporter l go wall tell kill,Non-offensiv
trump donald de n mexic rn 47333,Non-offensiv
score hidden 5 hour ago friend committed suicide 34 80k hospital debt least 40k student loan debt broken back barely talk spoke bernie sander voted killed medium said chance anger enraging hate share knew girl year back 24 died pneumonia fucking died pneumonia health insurance poor never drug never drank waited 10 hour emergency room died dehydration said memory painful permalink source embed save parent report give gold reply hide child comment score hidden 5 hour ago thank sharing painful memory issue infuriating important people hear struggle otherwise thing wont change sorry loss friend permalink source embed save parent report give gold reply,Non-offensiv
hillary clinton hillaryclinton realdonaldtrump think democrat care opinion feel putting stuff belong 2210 1272 retveets favorite donald trump areal donald trump hillary clinton ask bill 3322 5880 ree tweet favorite,Non-offensiv
trump wiantisto president doesntpay fucking tax butim canadian really none business,Non-offensiv
lady garden liberal democrat,offensive
ary tube republican presidential debate ag ra live cnn 746 pm pt,offensive
25 year throwing scandal hillary clinton pay people hate nominate donald trump,Non-offensiv
feel th el bern,offensive
real racist barack democratic party belief white people smart enough obtain photo id minority make u racist course hillary fortunately u democrat also believe minority smart enough realize hen hen copyright henry christensen 2016 com,Non-offensiv
put country ahead party endorse trump distanceshimself republican convention made imgur,offensive
unread hillary clinton popula subject need right jeffrey nathan fillion tweeted p current mailbox received size sun p 34 kb sun p 99 kb,Non-offensiv
score hidden 55 minute ago stop member green party since 1994 never wasted vote voting green president much stake let gop white house permalink save report give gold replied 1 point funny considering 10 day ago stated following hardline democrat ifiwere forced choose trump cruz choose cruz politics consistent democrat congress would know fight foe idea stonewall compromise trump also much dislike cruz demeanor much presidential trump permalink save parent edit disable inbox reply delete reply,Non-offensiv
donald trump follow realdonald trump never seen thin person drinking diet coke retweets like 14 oct 2012,offensive
donald trump 1998 fiwere run id run asa republican rethe dumbest group ofvoters country love anything foxnews icould lie still eat bet number would terrific people magazine 1998,Non-offensiv
trump tape beatrump hillary porn parody guarantee,Non-offensiv
october 1980 poll reagan 39 carter 45 november 1980 reagan inalandslide donet believe poll go andvote trump,Non-offensiv
leave im trump supporter ffs lol im american neither love people im hating religion every religious person ffs dont think hate muslim christian catholic suck dick ira manchester bomb islam enemy nowadays im willing die fight ideology swear bro fuck religion young people 2016 need turn back young people future imaginary sky god think future going like going bloody im glad dont kid ffs kid teach religion failed young people need fight religion,offensive
hillary prison 2016 com centennial new mexico land en chantment,Non-offensiv
rebecca cohen follow gynostar hillary hate rooted sexism sexist support jill stein woman never power influence retweets like 69 242 18 sep 2016,Non-offensiv
shared l say post anything want v barack obama photo 10 hr ca get hired would work could bernouts unite look like gay pride parade max dmdlablck bernie sander rally like comment 18 useful idiot like reply 10 hr loser like reply 9 hr,offensive
facebook right dallas police black life matter hillary trump fbi pokemon,offensive
view playground added new video like page september 27 barcelona spain meet jill stein presidential candidate paint graffiti bulldozer like comment share 2 crazy think wifi radiation hurt child like reply 14 hr would totally disagree look many people cancer nowadays know many factor country like causing type cancer disease like reply 4 hr,Non-offensiv
think sooner later irithe donald banned admins made inngur,Non-offensiv
sunday conflimemez love,Non-offensiv
brace disappointed bernie sander supporter coming made inngur,offensive
one thing ca stand military hivemind groupthinking bigot racist wife beater voting berniesanders believe dismantle military bring troop home rehabilitate private profit prison learn valuable life coping skill danger rest society learn kill brown people earn free college tuition feelthebern know husband never pick weapon participate violence neither anyone else word feelthe bern,Non-offensiv
hope n chain 13 april 2015 dougm hypocrite boycott hillary deblasio made racist joke boycott new york north carolina keepin wiener expecin colored stay place place,Non-offensiv
funny democrat get mad eh lefty supporting bernie dem party party fdr leftist party centrist fucker switch republican want keep progressing left old one hurry die young dumb one wel heard bleach taste really good like reply 9 1 hr,Non-offensiv
ifirinewsmods irithe donald spy,Non-offensiv
one statistdemagogue million delusional follower leading wway add name paid donald trump president inc isvladimir lenin please research gary johnson,Non-offensiv
greatest job president god ever created donald trump,Non-offensiv
horrifying share spread word vote hillary vote kill baby heard hillary clinton explicitly defend say point blank late term partial birth abortion ok appoint supreme court justice ensure remain legal mean baby due date baby half delivered kicking screaming spine cut brain punctured ok dead inside illustration abortion like share comment 180,offensive
bernie hillary informed compare issue matter issue real nigga hour smash dat mutha fuckin like button,Non-offensiv
donald trump new campaign slogan make great smoking crack web lie instance gaza strip south hillary clinton death stare humidity 2 card humanity,offensive
well course allocation rule abruptly changed ca winning 7 delegate bernie delightful thought side made imgur,Non-offensiv
actual conversation hillary supporter voting today yeah bernie okay good luck see september sorry refuse vote someone plan making harder marry woman l love uh thumb people around 24 others 7 comment,Non-offensiv
believe woman right think gay hanged actually muslim religious belief wow acomplete primitive asshole must republican oh sorry apologize hope think islamophobic c 2016 dixon diaz,offensive
hillary clinton harambe falling move karma phonet 12,offensive
oo lte nunlocked 30 electable give jimmy eat world chase lig facebook 2m ago nowthis live watch vice presidential candidate governor mike penny press facebook 2m ago nowthis live watch vice presidential candidate governor mike penny press home open,Non-offensiv
fuck republican telling shoulo vote gary johnson libertarian enoughp made imgur,offensive
see image scrolling first page visited unstumped bird trump president trump come youn 2016 reply ca stump trump thread,offensive
dog turd trump 2016 penny,offensive
people people marshall herff applewhite jr hillary rodham clinton,Non-offensiv
trump gon na make work benefit,Non-offensiv
bill clinton gave bernie sander gave speech praising hillary 12 speech marriage yes yes obama gave speech boy give danger shovel salesman uncontrollable president philadelphia week yes facebook http logic mind download share image leave attribution,Non-offensiv
evil even satan voting republican,offensive
minu trumpteeing praise british fortaking country back news sony call america make great trump probably,Non-offensiv
blame flint water crisis republican racism flint city council 2015 democra democrat democrat democrat democrat democrat democrat democrat democrat try hillary made imgur,Non-offensiv
quick history lesson 13th amendment abolished slavery 100 republican support 23 democrat support 14th amendment gave citizenship freed slave 94 republican support 0 democrat support 18th amendment right vote 100 republican support 0 democrat support obamacare 0 republican support 86 democrat support,offensive
pre r donald trump pro trumpinsulter every dat boi absolutely horrible job dat boi ashamed pm 4 may 2016 share real ow,Non-offensiv
donald trump barack obama somehow ended barbershop sat worked different barber word spoken barber even afraid start conversation fear would turn politics barber finished shave one trump chair reached aftershave trump quick stop saying way buddy wife smell think damn whorehouse second barber turned obama said obama replied ahead wife know inside whorehouse smell like,offensive
donald trump fat orange loudmouth hillary clitony crooked jet paluns 5till arguing exactly holli imasters intended rising bullshit intelligent allake busy muself souabbling 1 5 chosen candidate deliberate distractiona illusion l important matter attend,offensive
future believe bernie,Non-offensiv
bernie hillary clintdont,Non-offensiv
minnesota governor raisestaxes onthe rich boost education funding raise minimum wage signsanequal pay law state becomes fifth fastest growing economy u unemployment drop deficit becomesa 1billionsurplus economic confidence risestothe highest state american republican party,offensive
ivp debatel moderator ur running mate supported iraq war penny well trump ziplines wrong moderator mr trump ucannot pm 147 retweets 364 like,offensive
worthless state ammeereea 0 0 c u 8 12 three 0 0 icu 8 12 milars clinton promise made imgur,offensive
politics trump entertains idea serving president win election,offensive
opening rial seeing rithe donald,Non-offensiv
dear viewer donald trump elected u president baschar pull troop syria midnight kamran,offensive
dino velvet he guy video taped hillary clinton memorial going shoot back head twice tonight,Non-offensiv
deleted 353 point 2 year ago gary johnson afford therapist know need overall feel future another poor person squeezed left dry someone wanting run president hope give country fiscally conservative going help family reach american dream upward mobility individual freedom liberty help situation permalink embed save govgary johnson point 2 year ago best chance reach american dream entrepreneurship individual freedom liberty better allow create job victim take control future permalink embed save parent give gold,Non-offensiv
bernie hillary informed compare issue matter issue want dab,Non-offensiv
phase 2 phase 1 phase 3 make collect ravenous america great supporter donald trump fantastic campaign plan,Non-offensiv
donald want president describe two word describe rim wo word 198 890 like comment share 856 890 smart,Non-offensiv
cold saw democrat hand pocket,Non-offensiv
max mdlabick bernie sander rally,offensive
bernie sander apache helicopter projectmurphv,Non-offensiv
47 pm e forward strom c forwardsfromgrandma lmgur com trump train sep 13 one day hitler referenced jew deplorable irredeemable crowd agreed next day auschwitz born hillary clinton called million conservative basket deplorables irredeemables crowd agrees whats next concentration camp conservative,offensive
hate governmentso vote republican try shrink fuck right made inngur,offensive
heh mainstream culture frown bernie sander hat might ostracize stand believe im dangerous freedom fighter heh bemie never fall sway status quo rational thinker emotional sheep god fucking knit damn fucking piece shit fucking idiot fascist,offensive
mike penc donald trump president vice president trey gowdy ben carson surgeon general attorney general jeanine pirrd allen west secretary defense supremecourilusic newt gingrich secretary state rudy giuliani homeland security david clarke commission lawenforcement,Non-offensiv
end bernie campaign say increasingly cucked small redditor,Non-offensiv
february 3 difference vote republican vote democrat lown business pooped share 48 people like 16 share funny 1 february 3 cover 1 february 3 http watch v 1fusqsytdzq rag ona stick extended,offensive
86 4g men treating 2016 feel queasy man right men like trump knew existed rather overwhelming data showing group woman capable seeing wrong trump remark woman awful religion race nationality name yet statistically men seeing men voting clinton generally would voted democrat anyway feel dirty men treating 2016 normal election woman write comment,Non-offensiv
bernie hillary informed compare issue matter issue favorite call duty call duty,Non-offensiv
bernie red free college tuition wake inside goofy edition,Non-offensiv
angel enriquez 5 day ago donald glover look exactly like childish gambino wtf reply 776,offensive
google news weather pm bernie sander vowing stay race as ge new york time,Non-offensiv
irefuseto debattemy primaryopponentbecause imfocusedon general myprimaryopponentgetsto debate republican nominee,Non-offensiv
sander n 2016 bernie sander communist fl tem condition new quantity 1 u 19 89 save 50 price u 6 watching free shipping shipping free standard shi,Non-offensiv
successful republican governor for8 independent politician almost 40 year year gary johnson 2016 becomes stand democrat run belief run president president libertarian,offensive
donald trump real donald trump hrm u hillary clinton hillary clinton emno boy inm single pm 9 jun 2016,Non-offensiv
bernie hillary informed compare issue matter issue venom incredible band one toxin injected influence metal animal band time would sting bite black thrash death metal,Non-offensiv
trump loses illegals pour country border unsecured china put u debt isi destroyed thrive constitution longer exist economy never ever recover radical mslm take control destroy way life vet die shamelessly matter family go wo safe america longer exist vote donald trump,Non-offensiv
cox communication internet tv second time month may cable repair man qualified say service suck thing trust cox service work drink made bill cosby blood transfusion charlie sheen anything hillary clinton say clinton intern convention tap water mexico isi casey anthony babysitting kid saying,Non-offensiv
snoop dogg cute ugly wanted know dogg 1 following 16 answer trending miranda lambert new bern nc payday loan hearing aid justin bieber louisiana lottery sean penn alaska airline maria sharapova luxury suv deal answer relevance best answer look ok guess lisa j 9 year ago comment asker rating think new whole music hip hop thing good looking fact young really know ai gay way nuthin wrong beig gay think axe 9 year ago 410 comment,offensive
trumpet trump penny trumpet,Non-offensiv
sse jos ue michael bay new action epic pit bernie sender biggest blackest dick card hu 1 card human card humanity,offensive
anonymous id mhmifkbm fri 78570860 file toupee ng 287 kb 497x294 know trump boris elected leader like toupee pod,offensive
finally feelin bern love out like tip tipi mendorse doesnt mean dropping campaign relation woman made imgur,Non-offensiv
3 hr facebook feed morning church friend two day ago younger son came office waking tear eye nightmare donald trump president put everyone america boat boat split half daddy side brother cable local tv son limited exposure stuff politics still message loud clear break heart want shield son message hatred current election difficult,Non-offensiv
believe woman right think gay hanged actually muslim religious belief wow complete primitive asshole must bea republican oh sorry apologize ihope think islamophobic c 2016 dixon diaz,offensive
bernie hillary informed compare issue matter meme issue enjoy watching montage damn daniel dy youtube obvious plant,Non-offensiv
presenting new official logo republican party stedvint,offensive
bernie hillary informed compare issue matter issue come dat boi shit come boy waddup obvious plant,Non-offensiv
trump hillary im coming harambe,Non-offensiv
ite 41 pm bernie sander hero 11 hr today front row seat bernie sander rally washington dc speech shook hand supporter crowd approached tapped shoulder told quit eye began water hugged thanked promised stay race afuture believe,Non-offensiv
bernie sander bernie sander 10h craft redstone v donald trump realdonaldtrump 7h bernie sander ca craft redstone mine dummy,Non-offensiv
l democratic party republican party x cocktail party,Non-offensiv
donald trump squad look like purge 3 party,Non-offensiv
many millennials voting bernie sander simple grew learning valuable lesson medium always honest often manipulates fact order push narrative want people believe unchecked power privilege often oppresses marginalizes group based difference thus inducing inequality hate evil come form even innocent looking greedy vindictive corrupt narcissistic liar true bravery stand evil corruption rightin face extreme opposition people victorious standunited meus ultimately millennials learned ally wise old man care bernie sander president 2016 age foolish forgetful politicopotter underestimate youth dumbledore,Non-offensiv
harold state district 6 endorsed democrat l vote november ath democratic v balanced approach state policy making continue support education funding produce educated workforce skill island important least society ect maintain social safety network de advocating senior ised program prison orted trong,Non-offensiv
jill stein spam comment get 690 upvotes bernie sander deported sweden self enoughsandersspam aa submitted 20 hour ago 30 comment share save hide give gold report sorted best viewing single comment thread view rest comment 9 point 16 hour ago fuck put gitmo permalink embed save report give gold reply,offensive
hillary bernie debating socialism cruz busy caitlyn jenner facebook video ingur,Non-offensiv
23 hr friend fb short note pu headed president character l refer zero 0 taken military shot enemy agent first term instead still remains office every thing gut america know love come donald j trump put end corruption government called elite nothing common dog turd front lawn shaking boot new sheriff coming town end corruption american people hand believe common murder even allowed run killery clinton commie like bernie also allowed also run come america put big boy pant election choice get as vote thank ni like comment share,offensive
cookie monster loudly declares feeling bern ernie monster,Non-offensiv
july 14 social experiment ya go donald j trump facebook page see many friend liked page go hillary clinton facebook page see many friend liked page post result chance win voter fraud hillary 4 trump 185 like share comment,offensive
feel bern,Non-offensiv
louis ct hillary nickelback 2nd presidential debate live cnn tonight cnnsottu live trump never drop race l cnn amanda carpenter cnn political commentator et station long island rail road spokesman say 600 pa state union,Non-offensiv
hillary clinton donald trump said dumb bullshit like nice bit gorgonzola wallace,offensive
benghazi co illallowit clinton foundation cd illallowit voter tampering cd illallowit lying theamerican people cd illallowit,offensive
book adam adam elli original comic inequality income feel bern shhh voting bernie 1 need pay taxation theft,Non-offensiv
electoral map clinton wns 272 vote road 270 272 euretion nigh clinton 179 cnn breaking news live wener senting probe lead fbi review clinton cnn case u military pm e china military spokesperson say ac360,offensive
cbs news debate thank good night may force hillary clinton,Non-offensiv
le school e c bernie sander dumb trump ff li eld ju ffe ff uu,offensive
ifi told 40 congress hillary superdelegates soincreased support gary johnson resultinahillary presidency matter,offensive
mr bright told vote republican would oh uh siri vote republican democrat choosing sin soi always write lord name republican count,Non-offensiv
fix america immigration problem call back bernie line asking economics,offensive
hillary clinton endthe republican war woman woman ng whore marrya serial rapist hillary 2016 eileen wellstone elizabeth gracen juanita broaddrick regina hopper kahleen wiley sandra janes kathy bradshav cristy zerche paula jones hil carolyn motet,offensive
thing terrorist take family get terrorist take family care life kid say care life take family donald trump december 2nd 2015,offensive
monessei undu man unps scott john bogacik elizabeth stood among donald trump porter tuesday presidential candidate spoke private gathering monessen,Non-offensiv
yourteamsucks dante30 00 sister sure ca remember bill clinton right back day sister said fuck bill clinton got freebie famous person reply,Non-offensiv
v full speech donald trump republican national convent et abc15 arizona view aoc republican national convention arizona,Non-offensiv
magazine search email signup 8 f latest ecer add name 2016 think got locked hillary meet jill stein green party candidate insists year get noticed may make onto 47 state ballot bill scher june 19 2016 getty image,Non-offensiv
new clinton campaign merchandise welcome bernie supporter,Non-offensiv
better dissp notbillwalton fan phony fake pussy stan trump phony fraud promise whip as 3g karate class worthless degree trump univers,offensive
feel bern,Non-offensiv
feel bern bernie hilla informed compare issue matter issue era penal robben good l totally agree rafa marquez fellow mexican friend robben aka flopper flopping clean flopped elimiated mexico world cup say part soccer one depressing day life shi want,Non-offensiv
revolutionary change mean like campaigning bernie sander right,Non-offensiv
ethic class people shitting trump destroyed argument prof asked stay class thanked told afraid pro trump class,Non-offensiv
imagine donald trump sitting situation room deciding wether send troop battle,offensive
hillary clinton young woman lived closet stajrs,Non-offensiv
want make reddit great vote every pro trump post download generator http,offensive
history staunch democrat teacher always praise student give student green scantron student forgot bring one say wow look socialism room maybe bernie chance,Non-offensiv
bernie hillary space socialism informed compare issue matter issue space space need met james metaphor limitless worry armstrong aspiration 1 revolution canvas blah blah blah shall paint tall future,Non-offensiv
u situation roomblitzer 2016 cleveland trump live l breaking news clinton trump doesntdeserve much credit aid vet p st big portion playbook dedicated situation room,Non-offensiv
follow l refuse think united state america represented rest world racist cunt would line crony pocket immediately engaging u another war sending precious men woman overseas die get rich meanwhile turning country fascist regime nobody brown safe walk street unmolested hell fuck noise f win nomination sit as home vote ensure win election deserve breathe yes feel strongly get hell trump sics supporter black protester get beaten kicked cnn reporter jeremy diamond postedvideo twitter black protester shoved punched kicked tackled political rally trump raw story com 66 like 22 comment 14 share,Non-offensiv
paul horner 1 hr phoenix great daughter best daughter married horrible marriage way l would way would great time best time think agree incest law country good disgrace thank crooked hillary horrible person worse person make incest law country great best law greatest law ever trump talk,offensive
yo gary johnson 2016 immaletyou finish ron paul 1988 greatest libertarian campaign time,offensive
ngstown hio august 15 rudy giuliani former new york city mayor say successful terror attack obama giuliani said successful radical islamic terrorist attack eight year obama president started clinton obama got office went full retard never gorullretard,Non-offensiv
pussy almost brings trump weiner knock clinton,offensive
clinton said b bringing back rugratis going uote,offensive
2 hr awkward moment bernie sander admits democratic socialist 2 nazi democratic socialist 3 america fought entire world war stop advance democratic socialist sincerely sane american like comment share 9 others nazi member national socialist german worker party democratic socialist like reply 12 min write comment,Non-offensiv
hillary blood hand stop voting fear vote green vote jill stein,offensive
debate site louis pm ct hara entspizz breaking news bama speaks ist time since trump svulga kaine word talking f,Non-offensiv
